2023-06-05T20:21:07.492+09:00,tigerfriend,Action,Clear Tracking Log,,,,,-1,-1,
2023-06-05T20:21:12.476+09:00,tigerfriend,KeyEvent,65535:157:4,IShape_hierarchy2,Project,/Users/tigerfriend/C++/IShape_hierarchy2/main.cpp,,0,0,Changes
2023-06-05T20:21:30.004+09:00,tigerfriend,Action,CPP.NewHeaderFile,IShape_hierarchy2,Popup,/Users/tigerfriend/C++/IShape_hierarchy2/main.cpp,,0,0,Changes
2023-06-05T20:21:30.395+09:00,tigerfriend,KeyEvent,65535:157:4,IShape_hierarchy2,Popup,/Users/tigerfriend/C++/IShape_hierarchy2/main.cpp,,0,0,Changes
2023-06-05T20:21:30.572+09:00,tigerfriend,Action,EditorPaste,IShape_hierarchy2,Popup,/Users/tigerfriend/C++/IShape_hierarchy2/main.cpp,,0,0,Changes
2023-06-05T20:21:30.595+09:00,tigerfriend,KeyEvent,118:86:4,IShape_hierarchy2,Popup,/Users/tigerfriend/C++/IShape_hierarchy2/main.cpp,,0,0,Changes
2023-06-05T20:21:31.458+09:00,tigerfriend,KeyEvent,10:10:0,IShape_hierarchy2,Popup,/Users/tigerfriend/C++/IShape_hierarchy2/main.cpp,,0,0,Changes
2023-06-05T20:21:32.093+09:00,tigerfriend,KeyEvent,10:10:0,IShape_hierarchy2,Popup,/Users/tigerfriend/C++/IShape_hierarchy2/Polygon.h,,0,0,Changes
2023-06-05T20:21:33.247+09:00,tigerfriend,KeyEvent,65535:157:4,IShape_hierarchy2,Editor,/Users/tigerfriend/C++/IShape_hierarchy2/Polygon.h,,6,0,Changes
2023-06-05T20:21:55.004+09:00,tigerfriend,KeyEvent,65535:157:4,IShape_hierarchy2,Editor,/Users/tigerfriend/C++/IShape_hierarchy2/main.cpp,,0,0,Changes
2023-06-05T20:21:56.745+09:00,tigerfriend,Action,EditorEnter,IShape_hierarchy2,Editor,/Users/tigerfriend/C++/IShape_hierarchy2/main.cpp,,32,66,Changes
2023-06-05T20:21:56.753+09:00,tigerfriend,KeyEvent,10:10:0,IShape_hierarchy2,Editor,/Users/tigerfriend/C++/IShape_hierarchy2/main.cpp,,33,4,Changes
2023-06-05T20:21:57.032+09:00,tigerfriend,KeyEvent,65535:157:4,IShape_hierarchy2,Editor,/Users/tigerfriend/C++/IShape_hierarchy2/main.cpp,,33,4,Changes
2023-06-05T20:21:57.067+09:00,tigerfriend,Action,EditorPaste,IShape_hierarchy2,Editor,/Users/tigerfriend/C++/IShape_hierarchy2/main.cpp,,33,4,Changes
2023-06-05T20:21:57.091+09:00,tigerfriend,KeyEvent,118:86:4,IShape_hierarchy2,Editor,/Users/tigerfriend/C++/IShape_hierarchy2/main.cpp,,33,111,Changes
2023-06-05T20:22:04.569+09:00,tigerfriend,KeyEvent,65535:16:1,IShape_hierarchy2,Editor,/Users/tigerfriend/C++/IShape_hierarchy2/Polygon.h,,6,0,Changes
2023-06-05T20:22:05.014+09:00,tigerfriend,KeyEvent,35:520:1,IShape_hierarchy2,Editor,/Users/tigerfriend/C++/IShape_hierarchy2/Polygon.h,,6,0,Changes
2023-06-05T20:22:05.379+09:00,tigerfriend,KeyEvent,105:73:0,IShape_hierarchy2,Editor,/Users/tigerfriend/C++/IShape_hierarchy2/Polygon.h,,6,1,Changes
2023-06-05T20:22:05.441+09:00,tigerfriend,KeyEvent,110:78:0,IShape_hierarchy2,Editor,/Users/tigerfriend/C++/IShape_hierarchy2/Polygon.h,,6,2,Changes
2023-06-05T20:22:07.080+09:00,tigerfriend,Action,EditorChooseLookupItem,IShape_hierarchy2,Editor,/Users/tigerfriend/C++/IShape_hierarchy2/Polygon.h,,6,3,Changes
2023-06-05T20:22:07.098+09:00,tigerfriend,KeyEvent,10:10:0,IShape_hierarchy2,Editor,/Users/tigerfriend/C++/IShape_hierarchy2/Polygon.h,,6,10,Changes
2023-06-05T20:22:07.860+09:00,tigerfriend,KeyEvent,65535:16:1,IShape_hierarchy2,Editor,/Users/tigerfriend/C++/IShape_hierarchy2/Polygon.h,,6,10,Changes
2023-06-05T20:22:08.357+09:00,tigerfriend,KeyEvent,73:73:1,IShape_hierarchy2,Editor,/Users/tigerfriend/C++/IShape_hierarchy2/Polygon.h,,6,10,Changes
2023-06-05T20:22:08.540+09:00,tigerfriend,KeyEvent,115:83:0,IShape_hierarchy2,Editor,/Users/tigerfriend/C++/IShape_hierarchy2/Polygon.h,,6,11,Changes
2023-06-05T20:22:09.062+09:00,tigerfriend,Action,EditorBackSpace,IShape_hierarchy2,Editor,/Users/tigerfriend/C++/IShape_hierarchy2/Polygon.h,,6,12,Changes
2023-06-05T20:22:09.069+09:00,tigerfriend,KeyEvent,8:8:0,IShape_hierarchy2,Editor,/Users/tigerfriend/C++/IShape_hierarchy2/Polygon.h,,6,11,Changes
2023-06-05T20:22:09.585+09:00,tigerfriend,Action,EditorChooseLookupItem,IShape_hierarchy2,Editor,/Users/tigerfriend/C++/IShape_hierarchy2/Polygon.h,,6,11,Changes
2023-06-05T20:22:09.601+09:00,tigerfriend,KeyEvent,10:10:0,IShape_hierarchy2,Editor,/Users/tigerfriend/C++/IShape_hierarchy2/Polygon.h,,6,19,Changes
2023-06-05T20:22:10.443+09:00,tigerfriend,Action,EditorEnter,IShape_hierarchy2,Editor,/Users/tigerfriend/C++/IShape_hierarchy2/Polygon.h,,6,19,Changes
2023-06-05T20:22:10.444+09:00,tigerfriend,KeyEvent,10:10:0,IShape_hierarchy2,Editor,/Users/tigerfriend/C++/IShape_hierarchy2/Polygon.h,,7,0,Changes
2023-06-05T20:22:10.610+09:00,tigerfriend,KeyEvent,65535:16:1,IShape_hierarchy2,Editor,/Users/tigerfriend/C++/IShape_hierarchy2/Polygon.h,,7,0,Changes
2023-06-05T20:22:10.680+09:00,tigerfriend,KeyEvent,35:520:1,IShape_hierarchy2,Editor,/Users/tigerfriend/C++/IShape_hierarchy2/Polygon.h,,7,0,Changes
2023-06-05T20:22:10.996+09:00,tigerfriend,KeyEvent,105:73:0,IShape_hierarchy2,Editor,/Users/tigerfriend/C++/IShape_hierarchy2/Polygon.h,,7,1,Changes
2023-06-05T20:22:11.053+09:00,tigerfriend,KeyEvent,110:78:0,IShape_hierarchy2,Editor,/Users/tigerfriend/C++/IShape_hierarchy2/Polygon.h,,7,2,Changes
2023-06-05T20:22:11.896+09:00,tigerfriend,Action,EditorChooseLookupItem,IShape_hierarchy2,Editor,/Users/tigerfriend/C++/IShape_hierarchy2/Polygon.h,,7,3,Changes
2023-06-05T20:22:11.939+09:00,tigerfriend,KeyEvent,10:10:0,IShape_hierarchy2,Editor,/Users/tigerfriend/C++/IShape_hierarchy2/Polygon.h,,7,10,Changes
2023-06-05T20:22:13.049+09:00,tigerfriend,KeyEvent,65535:16:1,IShape_hierarchy2,Editor,/Users/tigerfriend/C++/IShape_hierarchy2/Polygon.h,,7,10,Changes
2023-06-05T20:22:13.352+09:00,tigerfriend,KeyEvent,72:72:1,IShape_hierarchy2,Editor,/Users/tigerfriend/C++/IShape_hierarchy2/Polygon.h,,7,10,Changes
2023-06-05T20:22:13.949+09:00,tigerfriend,Action,EditorChooseLookupItem,IShape_hierarchy2,Editor,/Users/tigerfriend/C++/IShape_hierarchy2/Polygon.h,,7,11,Changes
2023-06-05T20:22:13.970+09:00,tigerfriend,KeyEvent,10:10:0,IShape_hierarchy2,Editor,/Users/tigerfriend/C++/IShape_hierarchy2/Polygon.h,,7,19,Changes
2023-06-05T20:22:14.399+09:00,tigerfriend,Action,EditorEnter,IShape_hierarchy2,Editor,/Users/tigerfriend/C++/IShape_hierarchy2/Polygon.h,,7,19,Changes
2023-06-05T20:22:14.410+09:00,tigerfriend,KeyEvent,10:10:0,IShape_hierarchy2,Editor,/Users/tigerfriend/C++/IShape_hierarchy2/Polygon.h,,8,0,Changes
2023-06-05T20:22:15.786+09:00,tigerfriend,KeyEvent,117:85:0,IShape_hierarchy2,Editor,/Users/tigerfriend/C++/IShape_hierarchy2/Polygon.h,,8,0,Changes
2023-06-05T20:22:15.928+09:00,tigerfriend,KeyEvent,115:83:0,IShape_hierarchy2,Editor,/Users/tigerfriend/C++/IShape_hierarchy2/Polygon.h,,8,1,Changes
2023-06-05T20:22:16.413+09:00,tigerfriend,Action,EditorBackSpace,IShape_hierarchy2,Editor,/Users/tigerfriend/C++/IShape_hierarchy2/Polygon.h,,8,2,Changes
2023-06-05T20:22:16.415+09:00,tigerfriend,KeyEvent,8:8:0,IShape_hierarchy2,Editor,/Users/tigerfriend/C++/IShape_hierarchy2/Polygon.h,,8,1,Changes
2023-06-05T20:22:16.557+09:00,tigerfriend,Action,EditorBackSpace,IShape_hierarchy2,Editor,/Users/tigerfriend/C++/IShape_hierarchy2/Polygon.h,,8,1,Changes
2023-06-05T20:22:16.568+09:00,tigerfriend,KeyEvent,8:8:0,IShape_hierarchy2,Editor,/Users/tigerfriend/C++/IShape_hierarchy2/Polygon.h,,8,0,Changes
2023-06-05T20:22:17.335+09:00,tigerfriend,KeyEvent,99:67:0,IShape_hierarchy2,Editor,/Users/tigerfriend/C++/IShape_hierarchy2/Polygon.h,,8,0,Changes
2023-06-05T20:22:17.435+09:00,tigerfriend,KeyEvent,108:76:0,IShape_hierarchy2,Editor,/Users/tigerfriend/C++/IShape_hierarchy2/Polygon.h,,8,1,Changes
2023-06-05T20:22:17.515+09:00,tigerfriend,KeyEvent,97:65:0,IShape_hierarchy2,Editor,/Users/tigerfriend/C++/IShape_hierarchy2/Polygon.h,,8,2,Changes
2023-06-05T20:22:17.651+09:00,tigerfriend,KeyEvent,115:83:0,IShape_hierarchy2,Editor,/Users/tigerfriend/C++/IShape_hierarchy2/Polygon.h,,8,3,Changes
2023-06-05T20:22:17.827+09:00,tigerfriend,KeyEvent,101:69:0,IShape_hierarchy2,Editor,/Users/tigerfriend/C++/IShape_hierarchy2/Polygon.h,,8,4,Changes
2023-06-05T20:22:18.125+09:00,tigerfriend,Action,EditorBackSpace,IShape_hierarchy2,Editor,/Users/tigerfriend/C++/IShape_hierarchy2/Polygon.h,,8,5,Changes
2023-06-05T20:22:18.130+09:00,tigerfriend,KeyEvent,8:8:0,IShape_hierarchy2,Editor,/Users/tigerfriend/C++/IShape_hierarchy2/Polygon.h,,8,4,Changes
2023-06-05T20:22:18.230+09:00,tigerfriend,KeyEvent,115:83:0,IShape_hierarchy2,Editor,/Users/tigerfriend/C++/IShape_hierarchy2/Polygon.h,,8,4,Changes
2023-06-05T20:22:18.610+09:00,tigerfriend,KeyEvent,32:32:0,IShape_hierarchy2,Editor,/Users/tigerfriend/C++/IShape_hierarchy2/Polygon.h,,8,5,Changes
2023-06-05T20:22:19.267+09:00,tigerfriend,KeyEvent,65535:16:1,IShape_hierarchy2,Editor,/Users/tigerfriend/C++/IShape_hierarchy2/Polygon.h,,8,6,Changes
2023-06-05T20:22:19.383+09:00,tigerfriend,KeyEvent,80:80:1,IShape_hierarchy2,Editor,/Users/tigerfriend/C++/IShape_hierarchy2/Polygon.h,,8,6,Changes
2023-06-05T20:22:19.682+09:00,tigerfriend,KeyEvent,111:79:0,IShape_hierarchy2,Editor,/Users/tigerfriend/C++/IShape_hierarchy2/Polygon.h,,8,7,Changes
2023-06-05T20:22:19.936+09:00,tigerfriend,KeyEvent,108:76:0,IShape_hierarchy2,Editor,/Users/tigerfriend/C++/IShape_hierarchy2/Polygon.h,,8,8,Changes
2023-06-05T20:22:20.507+09:00,tigerfriend,KeyEvent,117:85:0,IShape_hierarchy2,Editor,/Users/tigerfriend/C++/IShape_hierarchy2/Polygon.h,,8,9,Changes
2023-06-05T20:22:20.914+09:00,tigerfriend,Action,EditorBackSpace,IShape_hierarchy2,Editor,/Users/tigerfriend/C++/IShape_hierarchy2/Polygon.h,,8,10,Changes
2023-06-05T20:22:20.923+09:00,tigerfriend,KeyEvent,8:8:0,IShape_hierarchy2,Editor,/Users/tigerfriend/C++/IShape_hierarchy2/Polygon.h,,8,9,Changes
2023-06-05T20:22:21.016+09:00,tigerfriend,KeyEvent,121:89:0,IShape_hierarchy2,Editor,/Users/tigerfriend/C++/IShape_hierarchy2/Polygon.h,,8,9,Changes
2023-06-05T20:22:21.425+09:00,tigerfriend,KeyEvent,103:71:0,IShape_hierarchy2,Editor,/Users/tigerfriend/C++/IShape_hierarchy2/Polygon.h,,8,10,Changes
2023-06-05T20:22:21.510+09:00,tigerfriend,KeyEvent,111:79:0,IShape_hierarchy2,Editor,/Users/tigerfriend/C++/IShape_hierarchy2/Polygon.h,,8,11,Changes
2023-06-05T20:22:21.929+09:00,tigerfriend,KeyEvent,110:78:0,IShape_hierarchy2,Editor,/Users/tigerfriend/C++/IShape_hierarchy2/Polygon.h,,8,12,Changes
2023-06-05T20:22:23.468+09:00,tigerfriend,KeyEvent,65535:16:1,IShape_hierarchy2,Editor,/Users/tigerfriend/C++/IShape_hierarchy2/Polygon.h,,8,13,Changes
2023-06-05T20:22:23.528+09:00,tigerfriend,KeyEvent,58:513:1,IShape_hierarchy2,Editor,/Users/tigerfriend/C++/IShape_hierarchy2/Polygon.h,,8,13,Changes
2023-06-05T20:22:23.828+09:00,tigerfriend,KeyEvent,32:32:0,IShape_hierarchy2,Editor,/Users/tigerfriend/C++/IShape_hierarchy2/Polygon.h,,8,14,Changes
2023-06-05T20:22:24.060+09:00,tigerfriend,KeyEvent,112:80:0,IShape_hierarchy2,Editor,/Users/tigerfriend/C++/IShape_hierarchy2/Polygon.h,,8,15,Changes
2023-06-05T20:22:24.582+09:00,tigerfriend,Action,EditorChooseLookupItem,IShape_hierarchy2,Editor,/Users/tigerfriend/C++/IShape_hierarchy2/Polygon.h,,8,16,Changes
2023-06-05T20:22:24.601+09:00,tigerfriend,KeyEvent,10:10:0,IShape_hierarchy2,Editor,/Users/tigerfriend/C++/IShape_hierarchy2/Polygon.h,,8,23,Changes
2023-06-05T20:22:24.933+09:00,tigerfriend,Action,EditorBackSpace,IShape_hierarchy2,Editor,/Users/tigerfriend/C++/IShape_hierarchy2/Polygon.h,,8,23,Changes
2023-06-05T20:22:24.945+09:00,tigerfriend,KeyEvent,8:8:0,IShape_hierarchy2,Editor,/Users/tigerfriend/C++/IShape_hierarchy2/Polygon.h,,8,22,Changes
2023-06-05T20:22:25.203+09:00,tigerfriend,Action,EditorBackSpace,IShape_hierarchy2,Editor,/Users/tigerfriend/C++/IShape_hierarchy2/Polygon.h,,8,22,Changes
2023-06-05T20:22:25.204+09:00,tigerfriend,KeyEvent,8:8:0,IShape_hierarchy2,Editor,/Users/tigerfriend/C++/IShape_hierarchy2/Polygon.h,,8,21,Changes
2023-06-05T20:22:25.345+09:00,tigerfriend,Action,EditorBackSpace,IShape_hierarchy2,Editor,/Users/tigerfriend/C++/IShape_hierarchy2/Polygon.h,,8,21,Changes
2023-06-05T20:22:25.348+09:00,tigerfriend,KeyEvent,8:8:0,IShape_hierarchy2,Editor,/Users/tigerfriend/C++/IShape_hierarchy2/Polygon.h,,8,20,Changes
2023-06-05T20:22:25.495+09:00,tigerfriend,Action,EditorBackSpace,IShape_hierarchy2,Editor,/Users/tigerfriend/C++/IShape_hierarchy2/Polygon.h,,8,20,Changes
2023-06-05T20:22:25.502+09:00,tigerfriend,KeyEvent,8:8:0,IShape_hierarchy2,Editor,/Users/tigerfriend/C++/IShape_hierarchy2/Polygon.h,,8,19,Changes
2023-06-05T20:22:25.622+09:00,tigerfriend,Action,EditorBackSpace,IShape_hierarchy2,Editor,/Users/tigerfriend/C++/IShape_hierarchy2/Polygon.h,,8,19,Changes
2023-06-05T20:22:25.634+09:00,tigerfriend,KeyEvent,8:8:0,IShape_hierarchy2,Editor,/Users/tigerfriend/C++/IShape_hierarchy2/Polygon.h,,8,18,Changes
2023-06-05T20:22:25.823+09:00,tigerfriend,Action,EditorBackSpace,IShape_hierarchy2,Editor,/Users/tigerfriend/C++/IShape_hierarchy2/Polygon.h,,8,18,Changes
2023-06-05T20:22:25.824+09:00,tigerfriend,KeyEvent,8:8:0,IShape_hierarchy2,Editor,/Users/tigerfriend/C++/IShape_hierarchy2/Polygon.h,,8,17,Changes
2023-06-05T20:22:26.003+09:00,tigerfriend,Action,EditorBackSpace,IShape_hierarchy2,Editor,/Users/tigerfriend/C++/IShape_hierarchy2/Polygon.h,,8,17,Changes
2023-06-05T20:22:26.004+09:00,tigerfriend,KeyEvent,8:8:0,IShape_hierarchy2,Editor,/Users/tigerfriend/C++/IShape_hierarchy2/Polygon.h,,8,16,Changes
2023-06-05T20:22:26.267+09:00,tigerfriend,KeyEvent,117:85:0,IShape_hierarchy2,Editor,/Users/tigerfriend/C++/IShape_hierarchy2/Polygon.h,,8,16,Changes
2023-06-05T20:22:26.709+09:00,tigerfriend,Action,EditorChooseLookupItem,IShape_hierarchy2,Editor,/Users/tigerfriend/C++/IShape_hierarchy2/Polygon.h,,8,17,Changes
2023-06-05T20:22:26.728+09:00,tigerfriend,KeyEvent,10:10:0,IShape_hierarchy2,Editor,/Users/tigerfriend/C++/IShape_hierarchy2/Polygon.h,,8,22,Changes
2023-06-05T20:22:28.275+09:00,tigerfriend,KeyEvent,65535:16:1,IShape_hierarchy2,Editor,/Users/tigerfriend/C++/IShape_hierarchy2/Polygon.h,,8,22,Changes
2023-06-05T20:22:28.432+09:00,tigerfriend,KeyEvent,73:73:1,IShape_hierarchy2,Editor,/Users/tigerfriend/C++/IShape_hierarchy2/Polygon.h,,8,22,Changes
2023-06-05T20:22:28.878+09:00,tigerfriend,Action,EditorChooseLookupItem,IShape_hierarchy2,Editor,/Users/tigerfriend/C++/IShape_hierarchy2/Polygon.h,,8,23,Changes
2023-06-05T20:22:28.886+09:00,tigerfriend,KeyEvent,10:10:0,IShape_hierarchy2,Editor,/Users/tigerfriend/C++/IShape_hierarchy2/Polygon.h,,8,28,Changes
2023-06-05T20:22:29.481+09:00,tigerfriend,KeyEvent,65535:16:1,IShape_hierarchy2,Editor,/Users/tigerfriend/C++/IShape_hierarchy2/Polygon.h,,8,28,Changes
2023-06-05T20:22:29.699+09:00,tigerfriend,KeyEvent,123:91:1,IShape_hierarchy2,Editor,/Users/tigerfriend/C++/IShape_hierarchy2/Polygon.h,,8,28,Changes
2023-06-05T20:22:29.952+09:00,tigerfriend,Action,EditorEnter,IShape_hierarchy2,Editor,/Users/tigerfriend/C++/IShape_hierarchy2/Polygon.h,,8,29,Changes
2023-06-05T20:22:29.962+09:00,tigerfriend,KeyEvent,10:10:0,IShape_hierarchy2,Editor,/Users/tigerfriend/C++/IShape_hierarchy2/Polygon.h,,9,4,Changes
2023-06-05T20:22:31.124+09:00,tigerfriend,KeyEvent,112:80:0,IShape_hierarchy2,Editor,/Users/tigerfriend/C++/IShape_hierarchy2/Polygon.h,,9,4,Changes
2023-06-05T20:22:31.582+09:00,tigerfriend,KeyEvent,117:85:0,IShape_hierarchy2,Editor,/Users/tigerfriend/C++/IShape_hierarchy2/Polygon.h,,9,5,Changes
2023-06-05T20:22:32.100+09:00,tigerfriend,Action,EditorChooseLookupItem,IShape_hierarchy2,Editor,/Users/tigerfriend/C++/IShape_hierarchy2/Polygon.h,,9,6,Changes
2023-06-05T20:22:32.141+09:00,tigerfriend,KeyEvent,10:10:0,IShape_hierarchy2,Editor,/Users/tigerfriend/C++/IShape_hierarchy2/Polygon.h,,9,7,Changes
2023-06-05T20:22:33.659+09:00,tigerfriend,Action,EditorEnter,IShape_hierarchy2,Editor,/Users/tigerfriend/C++/IShape_hierarchy2/Polygon.h,,9,7,Changes
2023-06-05T20:22:33.661+09:00,tigerfriend,KeyEvent,10:10:0,IShape_hierarchy2,Editor,/Users/tigerfriend/C++/IShape_hierarchy2/Polygon.h,,10,4,Changes
2023-06-05T20:22:34.180+09:00,tigerfriend,KeyEvent,65535:16:1,IShape_hierarchy2,Editor,/Users/tigerfriend/C++/IShape_hierarchy2/Polygon.h,,10,4,Changes
2023-06-05T20:22:34.296+09:00,tigerfriend,KeyEvent,80:80:1,IShape_hierarchy2,Editor,/Users/tigerfriend/C++/IShape_hierarchy2/Polygon.h,,10,4,Changes
2023-06-05T20:22:34.588+09:00,tigerfriend,KeyEvent,111:79:0,IShape_hierarchy2,Editor,/Users/tigerfriend/C++/IShape_hierarchy2/Polygon.h,,10,5,Changes
2023-06-05T20:22:35.365+09:00,tigerfriend,Action,EditorUp,IShape_hierarchy2,Editor,/Users/tigerfriend/C++/IShape_hierarchy2/Polygon.h,,10,6,Changes
2023-06-05T20:22:35.368+09:00,tigerfriend,KeyEvent,65535:38:0,IShape_hierarchy2,Editor,/Users/tigerfriend/C++/IShape_hierarchy2/Polygon.h,,10,6,Changes
2023-06-05T20:22:35.371+09:00,tigerfriend,Action,EditorDown,IShape_hierarchy2,Editor,/Users/tigerfriend/C++/IShape_hierarchy2/Polygon.h,,10,6,Changes
2023-06-05T20:22:35.372+09:00,tigerfriend,KeyEvent,65535:40:0,IShape_hierarchy2,Editor,/Users/tigerfriend/C++/IShape_hierarchy2/Polygon.h,,10,6,Changes
2023-06-05T20:22:35.971+09:00,tigerfriend,Action,EditorDown,IShape_hierarchy2,Editor,/Users/tigerfriend/C++/IShape_hierarchy2/Polygon.h,,10,6,Changes
2023-06-05T20:22:35.973+09:00,tigerfriend,KeyEvent,65535:40:0,IShape_hierarchy2,Editor,/Users/tigerfriend/C++/IShape_hierarchy2/Polygon.h,,10,6,Changes
2023-06-05T20:22:36.387+09:00,tigerfriend,Action,EditorChooseLookupItem,IShape_hierarchy2,Editor,/Users/tigerfriend/C++/IShape_hierarchy2/Polygon.h,,10,6,Changes
2023-06-05T20:22:36.399+09:00,tigerfriend,KeyEvent,10:10:0,IShape_hierarchy2,Editor,/Users/tigerfriend/C++/IShape_hierarchy2/Polygon.h,,10,13,Changes
2023-06-05T20:22:37.438+09:00,tigerfriend,KeyEvent,65535:16:1,IShape_hierarchy2,Editor,/Users/tigerfriend/C++/IShape_hierarchy2/Polygon.h,,10,13,Changes
2023-06-05T20:22:37.614+09:00,tigerfriend,KeyEvent,123:91:1,IShape_hierarchy2,Editor,/Users/tigerfriend/C++/IShape_hierarchy2/Polygon.h,,10,13,Changes
2023-06-05T20:22:37.844+09:00,tigerfriend,Action,EditorEnter,IShape_hierarchy2,Editor,/Users/tigerfriend/C++/IShape_hierarchy2/Polygon.h,,10,14,Changes
2023-06-05T20:22:37.852+09:00,tigerfriend,KeyEvent,10:10:0,IShape_hierarchy2,Editor,/Users/tigerfriend/C++/IShape_hierarchy2/Polygon.h,,11,8,Changes
2023-06-05T20:22:38.343+09:00,tigerfriend,Action,EditorDown,IShape_hierarchy2,Editor,/Users/tigerfriend/C++/IShape_hierarchy2/Polygon.h,,11,8,Changes
2023-06-05T20:22:38.344+09:00,tigerfriend,KeyEvent,65535:40:0,IShape_hierarchy2,Editor,/Users/tigerfriend/C++/IShape_hierarchy2/Polygon.h,,12,5,Changes
2023-06-05T20:22:38.565+09:00,tigerfriend,Action,EditorDown,IShape_hierarchy2,Editor,/Users/tigerfriend/C++/IShape_hierarchy2/Polygon.h,,12,5,Changes
2023-06-05T20:22:38.567+09:00,tigerfriend,KeyEvent,65535:40:0,IShape_hierarchy2,Editor,/Users/tigerfriend/C++/IShape_hierarchy2/Polygon.h,,13,2,Changes
2023-06-05T20:22:38.988+09:00,tigerfriend,Action,EditorUp,IShape_hierarchy2,Editor,/Users/tigerfriend/C++/IShape_hierarchy2/Polygon.h,,13,2,Changes
2023-06-05T20:22:38.988+09:00,tigerfriend,KeyEvent,65535:38:0,IShape_hierarchy2,Editor,/Users/tigerfriend/C++/IShape_hierarchy2/Polygon.h,,12,5,Changes
2023-06-05T20:22:39.450+09:00,tigerfriend,Action,EditorEnter,IShape_hierarchy2,Editor,/Users/tigerfriend/C++/IShape_hierarchy2/Polygon.h,,12,5,Changes
2023-06-05T20:22:39.451+09:00,tigerfriend,KeyEvent,10:10:0,IShape_hierarchy2,Editor,/Users/tigerfriend/C++/IShape_hierarchy2/Polygon.h,,13,4,Changes
2023-06-05T20:22:48.270+09:00,tigerfriend,KeyEvent,65535:16:1,IShape_hierarchy2,Editor,/Users/tigerfriend/C++/IShape_hierarchy2/Rectangle.h,,20,4,Changes
2023-06-05T20:22:51.050+09:00,tigerfriend,KeyEvent,65535:16:1,IShape_hierarchy2,Editor,/Users/tigerfriend/C++/IShape_hierarchy2/Rectangle.h,,17,4,Changes
2023-06-05T20:22:52.033+09:00,tigerfriend,KeyEvent,65535:157:4,IShape_hierarchy2,Editor,/Users/tigerfriend/C++/IShape_hierarchy2/Rectangle.h,,32,5,Changes
2023-06-05T20:22:52.195+09:00,tigerfriend,Action,EditorCopy,IShape_hierarchy2,Editor,/Users/tigerfriend/C++/IShape_hierarchy2/Rectangle.h,,32,5,Changes
2023-06-05T20:22:52.201+09:00,tigerfriend,KeyEvent,99:67:4,IShape_hierarchy2,Editor,/Users/tigerfriend/C++/IShape_hierarchy2/Rectangle.h,,32,5,Changes
2023-06-05T20:22:55.967+09:00,tigerfriend,KeyEvent,65535:157:4,IShape_hierarchy2,Editor,/Users/tigerfriend/C++/IShape_hierarchy2/Polygon.h,,13,4,Changes
2023-06-05T20:22:56.118+09:00,tigerfriend,Action,EditorPaste,IShape_hierarchy2,Editor,/Users/tigerfriend/C++/IShape_hierarchy2/Polygon.h,,13,4,Changes
2023-06-05T20:22:56.152+09:00,tigerfriend,KeyEvent,118:86:4,IShape_hierarchy2,Editor,/Users/tigerfriend/C++/IShape_hierarchy2/Polygon.h,,28,5,Changes
2023-06-05T20:22:57.663+09:00,tigerfriend,Action,EditorBackSpace,IShape_hierarchy2,Editor,/Users/tigerfriend/C++/IShape_hierarchy2/Polygon.h,,13,22,Changes
2023-06-05T20:22:57.667+09:00,tigerfriend,KeyEvent,8:8:0,IShape_hierarchy2,Editor,/Users/tigerfriend/C++/IShape_hierarchy2/Polygon.h,,13,21,Changes
2023-06-05T20:22:57.795+09:00,tigerfriend,Action,EditorBackSpace,IShape_hierarchy2,Editor,/Users/tigerfriend/C++/IShape_hierarchy2/Polygon.h,,13,21,Changes
2023-06-05T20:22:57.796+09:00,tigerfriend,KeyEvent,8:8:0,IShape_hierarchy2,Editor,/Users/tigerfriend/C++/IShape_hierarchy2/Polygon.h,,13,20,Changes
2023-06-05T20:22:57.883+09:00,tigerfriend,Action,EditorBackSpace,IShape_hierarchy2,Editor,/Users/tigerfriend/C++/IShape_hierarchy2/Polygon.h,,13,20,Changes
2023-06-05T20:22:57.884+09:00,tigerfriend,KeyEvent,8:8:0,IShape_hierarchy2,Editor,/Users/tigerfriend/C++/IShape_hierarchy2/Polygon.h,,13,19,Changes
2023-06-05T20:22:58.002+09:00,tigerfriend,Action,EditorBackSpace,IShape_hierarchy2,Editor,/Users/tigerfriend/C++/IShape_hierarchy2/Polygon.h,,13,19,Changes
2023-06-05T20:22:58.003+09:00,tigerfriend,KeyEvent,8:8:0,IShape_hierarchy2,Editor,/Users/tigerfriend/C++/IShape_hierarchy2/Polygon.h,,13,18,Changes
2023-06-05T20:22:58.143+09:00,tigerfriend,Action,EditorBackSpace,IShape_hierarchy2,Editor,/Users/tigerfriend/C++/IShape_hierarchy2/Polygon.h,,13,18,Changes
2023-06-05T20:22:58.144+09:00,tigerfriend,KeyEvent,8:8:0,IShape_hierarchy2,Editor,/Users/tigerfriend/C++/IShape_hierarchy2/Polygon.h,,13,17,Changes
2023-06-05T20:22:58.229+09:00,tigerfriend,Action,EditorBackSpace,IShape_hierarchy2,Editor,/Users/tigerfriend/C++/IShape_hierarchy2/Polygon.h,,13,17,Changes
2023-06-05T20:22:58.230+09:00,tigerfriend,KeyEvent,8:8:0,IShape_hierarchy2,Editor,/Users/tigerfriend/C++/IShape_hierarchy2/Polygon.h,,13,16,Changes
2023-06-05T20:22:58.379+09:00,tigerfriend,Action,EditorBackSpace,IShape_hierarchy2,Editor,/Users/tigerfriend/C++/IShape_hierarchy2/Polygon.h,,13,16,Changes
2023-06-05T20:22:58.380+09:00,tigerfriend,KeyEvent,8:8:0,IShape_hierarchy2,Editor,/Users/tigerfriend/C++/IShape_hierarchy2/Polygon.h,,13,15,Changes
2023-06-05T20:22:58.500+09:00,tigerfriend,Action,EditorBackSpace,IShape_hierarchy2,Editor,/Users/tigerfriend/C++/IShape_hierarchy2/Polygon.h,,13,15,Changes
2023-06-05T20:22:58.502+09:00,tigerfriend,KeyEvent,8:8:0,IShape_hierarchy2,Editor,/Users/tigerfriend/C++/IShape_hierarchy2/Polygon.h,,13,14,Changes
2023-06-05T20:22:58.804+09:00,tigerfriend,Action,EditorBackSpace,IShape_hierarchy2,Editor,/Users/tigerfriend/C++/IShape_hierarchy2/Polygon.h,,13,14,Changes
2023-06-05T20:22:58.806+09:00,tigerfriend,KeyEvent,8:8:0,IShape_hierarchy2,Editor,/Users/tigerfriend/C++/IShape_hierarchy2/Polygon.h,,13,13,Changes
2023-06-05T20:22:59.034+09:00,tigerfriend,KeyEvent,65535:16:1,IShape_hierarchy2,Editor,/Users/tigerfriend/C++/IShape_hierarchy2/Polygon.h,,13,13,Changes
2023-06-05T20:22:59.151+09:00,tigerfriend,KeyEvent,80:80:1,IShape_hierarchy2,Editor,/Users/tigerfriend/C++/IShape_hierarchy2/Polygon.h,,13,13,Changes
2023-06-05T20:22:59.731+09:00,tigerfriend,Action,EditorChooseLookupItem,IShape_hierarchy2,Editor,/Users/tigerfriend/C++/IShape_hierarchy2/Polygon.h,,13,14,Changes
2023-06-05T20:22:59.756+09:00,tigerfriend,KeyEvent,10:10:0,IShape_hierarchy2,Editor,/Users/tigerfriend/C++/IShape_hierarchy2/Polygon.h,,13,22,Changes
2023-06-05T20:23:02.156+09:00,tigerfriend,KeyEvent,65535:16:1,IShape_hierarchy2,Editor,/Users/tigerfriend/C++/IShape_hierarchy2/Polygon.h,,14,22,Changes
2023-06-05T20:23:02.242+09:00,tigerfriend,KeyEvent,80:80:1,IShape_hierarchy2,Editor,/Users/tigerfriend/C++/IShape_hierarchy2/Polygon.h,,14,22,Changes
2023-06-05T20:23:02.532+09:00,tigerfriend,KeyEvent,111:79:0,IShape_hierarchy2,Editor,/Users/tigerfriend/C++/IShape_hierarchy2/Polygon.h,,14,23,Changes
2023-06-05T20:23:03.133+09:00,tigerfriend,KeyEvent,108:76:0,IShape_hierarchy2,Editor,/Users/tigerfriend/C++/IShape_hierarchy2/Polygon.h,,14,24,Changes
2023-06-05T20:23:03.327+09:00,tigerfriend,KeyEvent,121:89:0,IShape_hierarchy2,Editor,/Users/tigerfriend/C++/IShape_hierarchy2/Polygon.h,,14,25,Changes
2023-06-05T20:23:03.760+09:00,tigerfriend,KeyEvent,103:71:0,IShape_hierarchy2,Editor,/Users/tigerfriend/C++/IShape_hierarchy2/Polygon.h,,14,26,Changes
2023-06-05T20:23:03.882+09:00,tigerfriend,KeyEvent,111:79:0,IShape_hierarchy2,Editor,/Users/tigerfriend/C++/IShape_hierarchy2/Polygon.h,,14,27,Changes
2023-06-05T20:23:04.059+09:00,tigerfriend,KeyEvent,110:78:0,IShape_hierarchy2,Editor,/Users/tigerfriend/C++/IShape_hierarchy2/Polygon.h,,14,28,Changes
2023-06-05T20:23:09.721+09:00,tigerfriend,Action,EditorEnter,IShape_hierarchy2,Editor,/Users/tigerfriend/C++/IShape_hierarchy2/Polygon.h,,7,19,Changes
2023-06-05T20:23:09.728+09:00,tigerfriend,KeyEvent,10:10:0,IShape_hierarchy2,Editor,/Users/tigerfriend/C++/IShape_hierarchy2/Polygon.h,,8,0,Changes
2023-06-05T20:23:09.904+09:00,tigerfriend,KeyEvent,65535:16:1,IShape_hierarchy2,Editor,/Users/tigerfriend/C++/IShape_hierarchy2/Polygon.h,,8,0,Changes
2023-06-05T20:23:09.954+09:00,tigerfriend,KeyEvent,35:520:1,IShape_hierarchy2,Editor,/Users/tigerfriend/C++/IShape_hierarchy2/Polygon.h,,8,0,Changes
2023-06-05T20:23:10.383+09:00,tigerfriend,KeyEvent,105:73:0,IShape_hierarchy2,Editor,/Users/tigerfriend/C++/IShape_hierarchy2/Polygon.h,,8,1,Changes
2023-06-05T20:23:10.466+09:00,tigerfriend,KeyEvent,105:73:0,IShape_hierarchy2,Editor,/Users/tigerfriend/C++/IShape_hierarchy2/Polygon.h,,8,2,Changes
2023-06-05T20:23:10.548+09:00,tigerfriend,KeyEvent,110:78:0,IShape_hierarchy2,Editor,/Users/tigerfriend/C++/IShape_hierarchy2/Polygon.h,,8,3,Changes
2023-06-05T20:23:10.834+09:00,tigerfriend,Action,EditorBackSpace,IShape_hierarchy2,Editor,/Users/tigerfriend/C++/IShape_hierarchy2/Polygon.h,,8,4,Changes
2023-06-05T20:23:10.838+09:00,tigerfriend,KeyEvent,8:8:0,IShape_hierarchy2,Editor,/Users/tigerfriend/C++/IShape_hierarchy2/Polygon.h,,8,3,Changes
2023-06-05T20:23:11.052+09:00,tigerfriend,Action,EditorBackSpace,IShape_hierarchy2,Editor,/Users/tigerfriend/C++/IShape_hierarchy2/Polygon.h,,8,3,Changes
2023-06-05T20:23:11.056+09:00,tigerfriend,KeyEvent,8:8:0,IShape_hierarchy2,Editor,/Users/tigerfriend/C++/IShape_hierarchy2/Polygon.h,,8,2,Changes
2023-06-05T20:23:11.427+09:00,tigerfriend,KeyEvent,110:78:0,IShape_hierarchy2,Editor,/Users/tigerfriend/C++/IShape_hierarchy2/Polygon.h,,8,2,Changes
2023-06-05T20:23:11.721+09:00,tigerfriend,KeyEvent,99:67:0,IShape_hierarchy2,Editor,/Users/tigerfriend/C++/IShape_hierarchy2/Polygon.h,,8,3,Changes
2023-06-05T20:23:11.824+09:00,tigerfriend,KeyEvent,108:76:0,IShape_hierarchy2,Editor,/Users/tigerfriend/C++/IShape_hierarchy2/Polygon.h,,8,4,Changes
2023-06-05T20:23:12.829+09:00,tigerfriend,Action,EditorDown,IShape_hierarchy2,Editor,/Users/tigerfriend/C++/IShape_hierarchy2/Polygon.h,,8,5,Changes
2023-06-05T20:23:12.831+09:00,tigerfriend,KeyEvent,65535:40:0,IShape_hierarchy2,Editor,/Users/tigerfriend/C++/IShape_hierarchy2/Polygon.h,,8,5,Changes
2023-06-05T20:23:13.130+09:00,tigerfriend,Action,EditorChooseLookupItem,IShape_hierarchy2,Editor,/Users/tigerfriend/C++/IShape_hierarchy2/Polygon.h,,8,5,Changes
2023-06-05T20:23:13.176+09:00,tigerfriend,KeyEvent,10:10:0,IShape_hierarchy2,Editor,/Users/tigerfriend/C++/IShape_hierarchy2/Polygon.h,,8,10,Changes
2023-06-05T20:23:13.890+09:00,tigerfriend,KeyEvent,115:83:0,IShape_hierarchy2,Editor,/Users/tigerfriend/C++/IShape_hierarchy2/Polygon.h,,8,10,Changes
2023-06-05T20:23:14.037+09:00,tigerfriend,KeyEvent,115:83:0,IShape_hierarchy2,Editor,/Users/tigerfriend/C++/IShape_hierarchy2/Polygon.h,,8,11,Changes
2023-06-05T20:23:14.417+09:00,tigerfriend,Action,EditorChooseLookupItem,IShape_hierarchy2,Editor,/Users/tigerfriend/C++/IShape_hierarchy2/Polygon.h,,8,12,Changes
2023-06-05T20:23:14.438+09:00,tigerfriend,KeyEvent,10:10:0,IShape_hierarchy2,Editor,/Users/tigerfriend/C++/IShape_hierarchy2/Polygon.h,,8,18,Changes
2023-06-05T20:23:53.581+09:00,tigerfriend,KeyEvent,65535:157:4,IShape_hierarchy2,Editor,/Users/tigerfriend/C++/IShape_hierarchy2/Polygon.h,,8,18,Changes
2023-06-05T20:25:51.850+09:00,tigerfriend,KeyEvent,65535:157:4,IShape_hierarchy2,Editor,/Users/tigerfriend/C++/IShape_hierarchy2/Helper.h,,0,0,Changes
2023-06-05T20:25:54.546+09:00,tigerfriend,KeyEvent,65535:157:4,IShape_hierarchy2,Editor,/Users/tigerfriend/C++/IShape_hierarchy2/Helper.h,,0,0,Changes
2023-06-05T20:25:59.661+09:00,tigerfriend,KeyEvent,65535:157:4,IShape_hierarchy2,Editor,/Users/tigerfriend/C++/IShape_hierarchy2/Helper.h,,0,0,Changes
2023-06-05T20:26:04.296+09:00,tigerfriend,KeyEvent,65535:157:4,IShape_hierarchy2,Editor,/Users/tigerfriend/C++/IShape_hierarchy2/Helper.h,,0,0,Changes
2023-06-05T20:26:08.829+09:00,tigerfriend,KeyEvent,65535:157:4,IShape_hierarchy2,Editor,/Users/tigerfriend/C++/IShape_hierarchy2/Helper.h,,0,0,Changes
2023-06-05T20:26:13.715+09:00,tigerfriend,KeyEvent,65535:157:4,IShape_hierarchy2,Editor,/Users/tigerfriend/C++/IShape_hierarchy2/Helper.h,,0,0,Changes
2023-06-05T20:26:44.617+09:00,tigerfriend,KeyEvent,65535:157:4,IShape_hierarchy2,Editor,/Users/tigerfriend/C++/IShape_hierarchy2/Triangle.h,,0,0,Changes
2023-06-05T20:27:00.666+09:00,tigerfriend,KeyEvent,65535:157:4,IShape_hierarchy2,Editor,/Users/tigerfriend/C++/IShape_hierarchy2/Triangle.h,,0,0,Changes
2023-06-05T20:27:21.672+09:00,tigerfriend,KeyEvent,65535:157:4,IShape_hierarchy2,Editor,/Users/tigerfriend/C++/IShape_hierarchy2/Helper.h,,0,0,Changes
2023-06-05T20:27:26.147+09:00,tigerfriend,KeyEvent,65535:157:4,IShape_hierarchy2,Editor,/Users/tigerfriend/C++/IShape_hierarchy2/Helper.h,,0,0,Changes
2023-06-05T20:27:31.764+09:00,tigerfriend,KeyEvent,65535:16:1,IShape_hierarchy2,Editor,/Users/tigerfriend/C++/IShape_hierarchy2/Polygon.h,,29,13,Changes
2023-06-05T20:27:32.533+09:00,tigerfriend,Action,EditorBackSpace,IShape_hierarchy2,Editor,/Users/tigerfriend/C++/IShape_hierarchy2/Polygon.h,,29,15,Changes
2023-06-05T20:27:32.535+09:00,tigerfriend,KeyEvent,8:8:0,IShape_hierarchy2,Editor,/Users/tigerfriend/C++/IShape_hierarchy2/Polygon.h,,29,14,Changes
2023-06-05T20:27:32.628+09:00,tigerfriend,Action,EditorBackSpace,IShape_hierarchy2,Editor,/Users/tigerfriend/C++/IShape_hierarchy2/Polygon.h,,29,14,Changes
2023-06-05T20:27:32.631+09:00,tigerfriend,KeyEvent,8:8:0,IShape_hierarchy2,Editor,/Users/tigerfriend/C++/IShape_hierarchy2/Polygon.h,,29,13,Changes
2023-06-05T20:27:32.863+09:00,tigerfriend,KeyEvent,65535:16:1,IShape_hierarchy2,Editor,/Users/tigerfriend/C++/IShape_hierarchy2/Polygon.h,,29,13,Changes
2023-06-05T20:27:32.915+09:00,tigerfriend,KeyEvent,80:80:1,IShape_hierarchy2,Editor,/Users/tigerfriend/C++/IShape_hierarchy2/Polygon.h,,29,13,Changes
2023-06-05T20:27:33.148+09:00,tigerfriend,KeyEvent,111:79:0,IShape_hierarchy2,Editor,/Users/tigerfriend/C++/IShape_hierarchy2/Polygon.h,,29,14,Changes
2023-06-05T20:27:33.353+09:00,tigerfriend,KeyEvent,108:76:0,IShape_hierarchy2,Editor,/Users/tigerfriend/C++/IShape_hierarchy2/Polygon.h,,29,15,Changes
2023-06-05T20:27:34.005+09:00,tigerfriend,KeyEvent,121:89:0,IShape_hierarchy2,Editor,/Users/tigerfriend/C++/IShape_hierarchy2/Polygon.h,,29,16,Changes
2023-06-05T20:27:34.437+09:00,tigerfriend,KeyEvent,104:72:0,IShape_hierarchy2,Editor,/Users/tigerfriend/C++/IShape_hierarchy2/Polygon.h,,29,17,Changes
2023-06-05T20:27:34.544+09:00,tigerfriend,KeyEvent,111:79:0,IShape_hierarchy2,Editor,/Users/tigerfriend/C++/IShape_hierarchy2/Polygon.h,,29,18,Changes
2023-06-05T20:27:34.989+09:00,tigerfriend,Action,EditorBackSpace,IShape_hierarchy2,Editor,/Users/tigerfriend/C++/IShape_hierarchy2/Polygon.h,,29,19,Changes
2023-06-05T20:27:35.001+09:00,tigerfriend,KeyEvent,8:8:0,IShape_hierarchy2,Editor,/Users/tigerfriend/C++/IShape_hierarchy2/Polygon.h,,29,18,Changes
2023-06-05T20:27:35.128+09:00,tigerfriend,Action,EditorBackSpace,IShape_hierarchy2,Editor,/Users/tigerfriend/C++/IShape_hierarchy2/Polygon.h,,29,18,Changes
2023-06-05T20:27:35.130+09:00,tigerfriend,KeyEvent,8:8:0,IShape_hierarchy2,Editor,/Users/tigerfriend/C++/IShape_hierarchy2/Polygon.h,,29,17,Changes
2023-06-05T20:27:35.317+09:00,tigerfriend,KeyEvent,103:71:0,IShape_hierarchy2,Editor,/Users/tigerfriend/C++/IShape_hierarchy2/Polygon.h,,29,17,Changes
2023-06-05T20:27:35.415+09:00,tigerfriend,KeyEvent,111:79:0,IShape_hierarchy2,Editor,/Users/tigerfriend/C++/IShape_hierarchy2/Polygon.h,,29,18,Changes
2023-06-05T20:27:35.599+09:00,tigerfriend,KeyEvent,110:78:0,IShape_hierarchy2,Editor,/Users/tigerfriend/C++/IShape_hierarchy2/Polygon.h,,29,19,Changes
2023-06-05T20:27:38.871+09:00,tigerfriend,KeyEvent,65535:157:4,IShape_hierarchy2,Editor,/Users/tigerfriend/C++/IShape_hierarchy2/Polygon.h,,30,24,Changes
2023-06-05T20:28:22.871+09:00,tigerfriend,KeyEvent,65535:157:4,IShape_hierarchy2,Editor,/Users/tigerfriend/C++/IShape_hierarchy2/Polygon.h,,30,24,Changes
2023-06-05T20:32:17.999+09:00,tigerfriend,KeyEvent,65535:157:4,IShape_hierarchy2,Editor,/Users/tigerfriend/C++/IShape_hierarchy2/main.cpp,,33,111,Changes
2023-06-05T20:32:19.765+09:00,tigerfriend,KeyEvent,65535:157:4,IShape_hierarchy2,Editor,/Users/tigerfriend/C++/IShape_hierarchy2/main.cpp,,33,111,Changes
2023-06-05T20:32:21.517+09:00,tigerfriend,KeyEvent,65535:157:4,IShape_hierarchy2,Editor,/Users/tigerfriend/C++/IShape_hierarchy2/main.cpp,,33,111,Changes
2023-06-05T20:32:27.928+09:00,tigerfriend,KeyEvent,65535:0:0,IShape_hierarchy2,Editor,/Users/tigerfriend/C++/IShape_hierarchy2/main.cpp,,33,111,Changes
2023-06-05T20:32:28.531+09:00,tigerfriend,KeyEvent,65535:157:4,IShape_hierarchy2,Editor,/Users/tigerfriend/C++/IShape_hierarchy2/main.cpp,,33,111,Changes
2023-06-05T20:34:10.552+09:00,tigerfriend,KeyEvent,65535:157:4,IShape_hierarchy2,Editor,/Users/tigerfriend/C++/IShape_hierarchy2/main.cpp,,33,111,Changes
2023-06-05T20:34:11.896+09:00,tigerfriend,KeyEvent,65535:157:4,IShape_hierarchy2,Editor,/Users/tigerfriend/C++/IShape_hierarchy2/main.cpp,,33,111,Changes
2023-06-05T20:35:34.568+09:00,tigerfriend,KeyEvent,45:45:0,IShape_hierarchy2,Editor,/Users/tigerfriend/C++/IShape_hierarchy2/Polygon.h,,20,74,Changes
2023-06-05T20:35:36.257+09:00,tigerfriend,Action,EditorBackSpace,IShape_hierarchy2,Editor,/Users/tigerfriend/C++/IShape_hierarchy2/Polygon.h,,20,76,Changes
2023-06-05T20:35:36.258+09:00,tigerfriend,KeyEvent,8:8:0,IShape_hierarchy2,Editor,/Users/tigerfriend/C++/IShape_hierarchy2/Polygon.h,,20,75,Changes
2023-06-05T20:35:36.752+09:00,tigerfriend,KeyEvent,99:67:0,IShape_hierarchy2,Editor,/Users/tigerfriend/C++/IShape_hierarchy2/Polygon.h,,20,75,Changes
2023-06-05T20:35:36.942+09:00,tigerfriend,KeyEvent,97:65:0,IShape_hierarchy2,Editor,/Users/tigerfriend/C++/IShape_hierarchy2/Polygon.h,,20,76,Changes
2023-06-05T20:35:37.112+09:00,tigerfriend,KeyEvent,108:76:0,IShape_hierarchy2,Editor,/Users/tigerfriend/C++/IShape_hierarchy2/Polygon.h,,20,77,Changes
2023-06-05T20:35:37.805+09:00,tigerfriend,Action,EditorChooseLookupItem,IShape_hierarchy2,Editor,/Users/tigerfriend/C++/IShape_hierarchy2/Polygon.h,,20,78,Changes
2023-06-05T20:35:37.828+09:00,tigerfriend,KeyEvent,10:10:0,IShape_hierarchy2,Editor,/Users/tigerfriend/C++/IShape_hierarchy2/Polygon.h,,20,84,Changes
2023-06-05T20:35:43.241+09:00,tigerfriend,Action,EditorBackSpace,IShape_hierarchy2,Editor,/Users/tigerfriend/C++/IShape_hierarchy2/Polygon.h,,20,85,Changes
2023-06-05T20:35:43.253+09:00,tigerfriend,KeyEvent,8:8:0,IShape_hierarchy2,Editor,/Users/tigerfriend/C++/IShape_hierarchy2/Polygon.h,,20,84,Changes
2023-06-05T20:35:43.396+09:00,tigerfriend,Action,EditorBackSpace,IShape_hierarchy2,Editor,/Users/tigerfriend/C++/IShape_hierarchy2/Polygon.h,,20,84,Changes
2023-06-05T20:35:43.409+09:00,tigerfriend,KeyEvent,8:8:0,IShape_hierarchy2,Editor,/Users/tigerfriend/C++/IShape_hierarchy2/Polygon.h,,20,83,Changes
2023-06-05T20:35:43.598+09:00,tigerfriend,Action,EditorBackSpace,IShape_hierarchy2,Editor,/Users/tigerfriend/C++/IShape_hierarchy2/Polygon.h,,20,83,Changes
2023-06-05T20:35:43.601+09:00,tigerfriend,KeyEvent,8:8:0,IShape_hierarchy2,Editor,/Users/tigerfriend/C++/IShape_hierarchy2/Polygon.h,,20,82,Changes
2023-06-05T20:35:43.758+09:00,tigerfriend,Action,EditorBackSpace,IShape_hierarchy2,Editor,/Users/tigerfriend/C++/IShape_hierarchy2/Polygon.h,,20,82,Changes
2023-06-05T20:35:43.767+09:00,tigerfriend,KeyEvent,8:8:0,IShape_hierarchy2,Editor,/Users/tigerfriend/C++/IShape_hierarchy2/Polygon.h,,20,81,Changes
2023-06-05T20:35:43.910+09:00,tigerfriend,Action,EditorBackSpace,IShape_hierarchy2,Editor,/Users/tigerfriend/C++/IShape_hierarchy2/Polygon.h,,20,81,Changes
2023-06-05T20:35:43.918+09:00,tigerfriend,KeyEvent,8:8:0,IShape_hierarchy2,Editor,/Users/tigerfriend/C++/IShape_hierarchy2/Polygon.h,,20,80,Changes
2023-06-05T20:35:44.217+09:00,tigerfriend,Action,EditorBackSpace,IShape_hierarchy2,Editor,/Users/tigerfriend/C++/IShape_hierarchy2/Polygon.h,,20,80,Changes
2023-06-05T20:35:44.218+09:00,tigerfriend,KeyEvent,8:8:0,IShape_hierarchy2,Editor,/Users/tigerfriend/C++/IShape_hierarchy2/Polygon.h,,20,79,Changes
2023-06-05T20:35:44.394+09:00,tigerfriend,Action,EditorBackSpace,IShape_hierarchy2,Editor,/Users/tigerfriend/C++/IShape_hierarchy2/Polygon.h,,20,79,Changes
2023-06-05T20:35:44.401+09:00,tigerfriend,KeyEvent,8:8:0,IShape_hierarchy2,Editor,/Users/tigerfriend/C++/IShape_hierarchy2/Polygon.h,,20,78,Changes
2023-06-05T20:35:44.593+09:00,tigerfriend,Action,EditorBackSpace,IShape_hierarchy2,Editor,/Users/tigerfriend/C++/IShape_hierarchy2/Polygon.h,,20,78,Changes
2023-06-05T20:35:44.595+09:00,tigerfriend,KeyEvent,8:8:0,IShape_hierarchy2,Editor,/Users/tigerfriend/C++/IShape_hierarchy2/Polygon.h,,20,77,Changes
2023-06-05T20:35:44.889+09:00,tigerfriend,Action,EditorBackSpace,IShape_hierarchy2,Editor,/Users/tigerfriend/C++/IShape_hierarchy2/Polygon.h,,20,77,Changes
2023-06-05T20:35:44.891+09:00,tigerfriend,KeyEvent,8:8:0,IShape_hierarchy2,Editor,/Users/tigerfriend/C++/IShape_hierarchy2/Polygon.h,,20,76,Changes
2023-06-05T20:35:46.117+09:00,tigerfriend,Action,EditorBackSpace,IShape_hierarchy2,Editor,/Users/tigerfriend/C++/IShape_hierarchy2/Polygon.h,,20,76,Changes
2023-06-05T20:35:46.121+09:00,tigerfriend,KeyEvent,8:8:0,IShape_hierarchy2,Editor,/Users/tigerfriend/C++/IShape_hierarchy2/Polygon.h,,20,75,Changes
2023-06-05T20:35:46.319+09:00,tigerfriend,Action,EditorBackSpace,IShape_hierarchy2,Editor,/Users/tigerfriend/C++/IShape_hierarchy2/Polygon.h,,20,75,Changes
2023-06-05T20:35:46.324+09:00,tigerfriend,KeyEvent,8:8:0,IShape_hierarchy2,Editor,/Users/tigerfriend/C++/IShape_hierarchy2/Polygon.h,,20,74,Changes
2023-06-05T20:36:24.993+09:00,tigerfriend,Action,EditorBackSpace,IShape_hierarchy2,Editor,/Users/tigerfriend/C++/IShape_hierarchy2/Triangle.h,,25,112,Changes
2023-06-05T20:36:24.998+09:00,tigerfriend,KeyEvent,8:8:0,IShape_hierarchy2,Editor,/Users/tigerfriend/C++/IShape_hierarchy2/Triangle.h,,25,111,Changes
2023-06-05T20:36:26.360+09:00,tigerfriend,Action,EditorEnter,IShape_hierarchy2,Editor,/Users/tigerfriend/C++/IShape_hierarchy2/Triangle.h,,25,112,Changes
2023-06-05T20:36:26.363+09:00,tigerfriend,KeyEvent,10:10:0,IShape_hierarchy2,Editor,/Users/tigerfriend/C++/IShape_hierarchy2/Triangle.h,,26,8,Changes
2023-06-05T20:36:26.861+09:00,tigerfriend,KeyEvent,99:67:0,IShape_hierarchy2,Editor,/Users/tigerfriend/C++/IShape_hierarchy2/Triangle.h,,26,8,Changes
2023-06-05T20:36:26.954+09:00,tigerfriend,KeyEvent,111:79:0,IShape_hierarchy2,Editor,/Users/tigerfriend/C++/IShape_hierarchy2/Triangle.h,,26,9,Changes
2023-06-05T20:36:27.014+09:00,tigerfriend,KeyEvent,117:85:0,IShape_hierarchy2,Editor,/Users/tigerfriend/C++/IShape_hierarchy2/Triangle.h,,26,10,Changes
2023-06-05T20:36:27.234+09:00,tigerfriend,KeyEvent,116:84:0,IShape_hierarchy2,Editor,/Users/tigerfriend/C++/IShape_hierarchy2/Triangle.h,,26,11,Changes
2023-06-05T20:36:27.369+09:00,tigerfriend,KeyEvent,65535:16:1,IShape_hierarchy2,Editor,/Users/tigerfriend/C++/IShape_hierarchy2/Triangle.h,,26,12,Changes
2023-06-05T20:36:27.451+09:00,tigerfriend,KeyEvent,77:77:1,IShape_hierarchy2,Editor,/Users/tigerfriend/C++/IShape_hierarchy2/Triangle.h,,26,12,Changes
2023-06-05T20:36:27.619+09:00,tigerfriend,KeyEvent,77:77:1,IShape_hierarchy2,Editor,/Users/tigerfriend/C++/IShape_hierarchy2/Triangle.h,,26,13,Changes
2023-06-05T20:36:27.997+09:00,tigerfriend,Action,EditorBackSpace,IShape_hierarchy2,Editor,/Users/tigerfriend/C++/IShape_hierarchy2/Triangle.h,,26,14,Changes
2023-06-05T20:36:28.000+09:00,tigerfriend,KeyEvent,8:8:0,IShape_hierarchy2,Editor,/Users/tigerfriend/C++/IShape_hierarchy2/Triangle.h,,26,13,Changes
2023-06-05T20:36:28.121+09:00,tigerfriend,Action,EditorBackSpace,IShape_hierarchy2,Editor,/Users/tigerfriend/C++/IShape_hierarchy2/Triangle.h,,26,13,Changes
2023-06-05T20:36:28.127+09:00,tigerfriend,KeyEvent,8:8:0,IShape_hierarchy2,Editor,/Users/tigerfriend/C++/IShape_hierarchy2/Triangle.h,,26,12,Changes
2023-06-05T20:36:28.609+09:00,tigerfriend,Action,EditorBackSpace,IShape_hierarchy2,Editor,/Users/tigerfriend/C++/IShape_hierarchy2/Triangle.h,,26,12,Changes
2023-06-05T20:36:28.615+09:00,tigerfriend,KeyEvent,8:8:0,IShape_hierarchy2,Editor,/Users/tigerfriend/C++/IShape_hierarchy2/Triangle.h,,26,11,Changes
2023-06-05T20:36:28.771+09:00,tigerfriend,Action,EditorBackSpace,IShape_hierarchy2,Editor,/Users/tigerfriend/C++/IShape_hierarchy2/Triangle.h,,26,11,Changes
2023-06-05T20:36:28.779+09:00,tigerfriend,KeyEvent,8:8:0,IShape_hierarchy2,Editor,/Users/tigerfriend/C++/IShape_hierarchy2/Triangle.h,,26,10,Changes
2023-06-05T20:36:28.922+09:00,tigerfriend,Action,EditorBackSpace,IShape_hierarchy2,Editor,/Users/tigerfriend/C++/IShape_hierarchy2/Triangle.h,,26,10,Changes
2023-06-05T20:36:28.934+09:00,tigerfriend,KeyEvent,8:8:0,IShape_hierarchy2,Editor,/Users/tigerfriend/C++/IShape_hierarchy2/Triangle.h,,26,9,Changes
2023-06-05T20:36:29.132+09:00,tigerfriend,Action,EditorBackSpace,IShape_hierarchy2,Editor,/Users/tigerfriend/C++/IShape_hierarchy2/Triangle.h,,26,9,Changes
2023-06-05T20:36:29.133+09:00,tigerfriend,KeyEvent,8:8:0,IShape_hierarchy2,Editor,/Users/tigerfriend/C++/IShape_hierarchy2/Triangle.h,,26,8,Changes
2023-06-05T20:36:30.815+09:00,tigerfriend,Action,EditorEnter,IShape_hierarchy2,Editor,/Users/tigerfriend/C++/IShape_hierarchy2/Triangle.h,,24,50,Changes
2023-06-05T20:36:30.824+09:00,tigerfriend,KeyEvent,10:10:0,IShape_hierarchy2,Editor,/Users/tigerfriend/C++/IShape_hierarchy2/Triangle.h,,25,8,Changes
2023-06-05T20:36:30.972+09:00,tigerfriend,KeyEvent,99:67:0,IShape_hierarchy2,Editor,/Users/tigerfriend/C++/IShape_hierarchy2/Triangle.h,,25,8,Changes
2023-06-05T20:36:31.115+09:00,tigerfriend,KeyEvent,111:79:0,IShape_hierarchy2,Editor,/Users/tigerfriend/C++/IShape_hierarchy2/Triangle.h,,25,9,Changes
2023-06-05T20:36:31.163+09:00,tigerfriend,KeyEvent,117:85:0,IShape_hierarchy2,Editor,/Users/tigerfriend/C++/IShape_hierarchy2/Triangle.h,,25,10,Changes
2023-06-05T20:36:31.507+09:00,tigerfriend,KeyEvent,116:84:0,IShape_hierarchy2,Editor,/Users/tigerfriend/C++/IShape_hierarchy2/Triangle.h,,25,11,Changes
2023-06-05T20:36:31.638+09:00,tigerfriend,KeyEvent,65535:16:1,IShape_hierarchy2,Editor,/Users/tigerfriend/C++/IShape_hierarchy2/Triangle.h,,25,12,Changes
2023-06-05T20:36:31.711+09:00,tigerfriend,KeyEvent,60:153:1,IShape_hierarchy2,Editor,/Users/tigerfriend/C++/IShape_hierarchy2/Triangle.h,,25,12,Changes
2023-06-05T20:36:31.867+09:00,tigerfriend,KeyEvent,60:153:1,IShape_hierarchy2,Editor,/Users/tigerfriend/C++/IShape_hierarchy2/Triangle.h,,25,13,Changes
2023-06-05T20:36:32.299+09:00,tigerfriend,KeyEvent,65535:16:1,IShape_hierarchy2,Editor,/Users/tigerfriend/C++/IShape_hierarchy2/Triangle.h,,25,14,Changes
2023-06-05T20:36:32.380+09:00,tigerfriend,KeyEvent,34:152:1,IShape_hierarchy2,Editor,/Users/tigerfriend/C++/IShape_hierarchy2/Triangle.h,,25,14,Changes
2023-06-05T20:36:32.551+09:00,tigerfriend,KeyEvent,68:68:1,IShape_hierarchy2,Editor,/Users/tigerfriend/C++/IShape_hierarchy2/Triangle.h,,25,15,Changes
2023-06-05T20:36:32.700+09:00,tigerfriend,KeyEvent,68:68:1,IShape_hierarchy2,Editor,/Users/tigerfriend/C++/IShape_hierarchy2/Triangle.h,,25,16,Changes
2023-06-05T20:36:32.857+09:00,tigerfriend,KeyEvent,68:68:1,IShape_hierarchy2,Editor,/Users/tigerfriend/C++/IShape_hierarchy2/Triangle.h,,25,17,Changes
2023-06-05T20:36:33.188+09:00,tigerfriend,Action,EditorRight,IShape_hierarchy2,Editor,/Users/tigerfriend/C++/IShape_hierarchy2/Triangle.h,,25,18,Changes
2023-06-05T20:36:33.190+09:00,tigerfriend,KeyEvent,65535:39:0,IShape_hierarchy2,Editor,/Users/tigerfriend/C++/IShape_hierarchy2/Triangle.h,,25,19,Changes
2023-06-05T20:36:33.781+09:00,tigerfriend,KeyEvent,65535:16:1,IShape_hierarchy2,Editor,/Users/tigerfriend/C++/IShape_hierarchy2/Triangle.h,,25,19,Changes
2023-06-05T20:36:33.958+09:00,tigerfriend,KeyEvent,60:153:1,IShape_hierarchy2,Editor,/Users/tigerfriend/C++/IShape_hierarchy2/Triangle.h,,25,19,Changes
2023-06-05T20:36:34.097+09:00,tigerfriend,KeyEvent,60:153:1,IShape_hierarchy2,Editor,/Users/tigerfriend/C++/IShape_hierarchy2/Triangle.h,,25,20,Changes
2023-06-05T20:36:38.992+09:00,tigerfriend,KeyEvent,65535:157:4,IShape_hierarchy2,Editor,/Users/tigerfriend/C++/IShape_hierarchy2/Triangle.h,,26,110,Changes
2023-06-05T20:36:39.127+09:00,tigerfriend,Action,EditorCopy,IShape_hierarchy2,Editor,/Users/tigerfriend/C++/IShape_hierarchy2/Triangle.h,,26,110,Changes
2023-06-05T20:36:39.145+09:00,tigerfriend,KeyEvent,99:67:4,IShape_hierarchy2,Editor,/Users/tigerfriend/C++/IShape_hierarchy2/Triangle.h,,26,110,Changes
2023-06-05T20:36:40.127+09:00,tigerfriend,KeyEvent,65535:157:4,IShape_hierarchy2,Editor,/Users/tigerfriend/C++/IShape_hierarchy2/Triangle.h,,25,21,Changes
2023-06-05T20:36:40.163+09:00,tigerfriend,Action,EditorPaste,IShape_hierarchy2,Editor,/Users/tigerfriend/C++/IShape_hierarchy2/Triangle.h,,25,21,Changes
2023-06-05T20:36:40.178+09:00,tigerfriend,KeyEvent,118:86:4,IShape_hierarchy2,Editor,/Users/tigerfriend/C++/IShape_hierarchy2/Triangle.h,,25,51,Changes
2023-06-05T20:36:41.437+09:00,tigerfriend,KeyEvent,59:59:0,IShape_hierarchy2,Editor,/Users/tigerfriend/C++/IShape_hierarchy2/Triangle.h,,25,51,Changes
2023-06-05T20:36:43.555+09:00,tigerfriend,Action,Run,IShape_hierarchy2,Editor,/Users/tigerfriend/C++/IShape_hierarchy2/Triangle.h,,25,52,Changes
2023-06-05T20:36:55.541+09:00,tigerfriend,Action,EditorRight,IShape_hierarchy2,Editor,/Users/tigerfriend/C++/IShape_hierarchy2/Triangle.h,,25,7,Changes
2023-06-05T20:36:55.544+09:00,tigerfriend,KeyEvent,65535:39:0,IShape_hierarchy2,Editor,/Users/tigerfriend/C++/IShape_hierarchy2/Triangle.h,,25,8,Changes
2023-06-05T20:36:55.880+09:00,tigerfriend,Action,EditorLeft,IShape_hierarchy2,Editor,/Users/tigerfriend/C++/IShape_hierarchy2/Triangle.h,,25,8,Changes
2023-06-05T20:36:55.881+09:00,tigerfriend,KeyEvent,65535:37:0,IShape_hierarchy2,Editor,/Users/tigerfriend/C++/IShape_hierarchy2/Triangle.h,,25,7,Changes
2023-06-05T20:36:56.306+09:00,tigerfriend,Action,EditorRight,IShape_hierarchy2,Editor,/Users/tigerfriend/C++/IShape_hierarchy2/Triangle.h,,25,7,Changes
2023-06-05T20:36:56.308+09:00,tigerfriend,KeyEvent,65535:39:0,IShape_hierarchy2,Editor,/Users/tigerfriend/C++/IShape_hierarchy2/Triangle.h,,25,8,Changes
2023-06-05T20:36:56.920+09:00,tigerfriend,KeyEvent,47:47:0,IShape_hierarchy2,Editor,/Users/tigerfriend/C++/IShape_hierarchy2/Triangle.h,,25,8,Changes
2023-06-05T20:36:57.024+09:00,tigerfriend,KeyEvent,47:47:0,IShape_hierarchy2,Editor,/Users/tigerfriend/C++/IShape_hierarchy2/Triangle.h,,25,9,Changes
2023-06-05T20:37:11.674+09:00,tigerfriend,KeyEvent,65535:157:4,IShape_hierarchy2,Editor,/Users/tigerfriend/C++/IShape_hierarchy2/Rectangle.h,,12,4,Changes
2023-06-05T20:37:12.316+09:00,tigerfriend,Action,EditorCopy,IShape_hierarchy2,Editor,/Users/tigerfriend/C++/IShape_hierarchy2/Rectangle.h,,12,4,Changes
2023-06-05T20:37:12.328+09:00,tigerfriend,KeyEvent,99:67:4,IShape_hierarchy2,Editor,/Users/tigerfriend/C++/IShape_hierarchy2/Rectangle.h,,12,4,Changes
2023-06-05T20:37:14.225+09:00,tigerfriend,KeyEvent,65535:157:4,IShape_hierarchy2,Editor,/Users/tigerfriend/C++/IShape_hierarchy2/Polygon.h,,14,0,Changes
2023-06-05T20:37:14.304+09:00,tigerfriend,Action,EditorPaste,IShape_hierarchy2,Editor,/Users/tigerfriend/C++/IShape_hierarchy2/Polygon.h,,14,0,Changes
2023-06-05T20:37:14.330+09:00,tigerfriend,KeyEvent,118:86:4,IShape_hierarchy2,Editor,/Users/tigerfriend/C++/IShape_hierarchy2/Polygon.h,,18,9,Changes
2023-06-05T20:37:17.531+09:00,tigerfriend,KeyEvent,65535:157:20,IShape_hierarchy2,Editor,/Users/tigerfriend/C++/IShape_hierarchy2/Polygon.h,,15,12,Changes
2023-06-05T20:37:18.380+09:00,tigerfriend,Action,EditorCut,IShape_hierarchy2,Editor,/Users/tigerfriend/C++/IShape_hierarchy2/Polygon.h,,15,12,Changes
2023-06-05T20:37:18.389+09:00,tigerfriend,KeyEvent,120:88:4,IShape_hierarchy2,Editor,/Users/tigerfriend/C++/IShape_hierarchy2/Polygon.h,,15,12,Changes
2023-06-05T20:37:19.866+09:00,tigerfriend,KeyEvent,65535:157:4,IShape_hierarchy2,Editor,/Users/tigerfriend/C++/IShape_hierarchy2/Polygon.h,,14,8,Changes
2023-06-05T20:37:19.955+09:00,tigerfriend,Action,EditorPaste,IShape_hierarchy2,Editor,/Users/tigerfriend/C++/IShape_hierarchy2/Polygon.h,,14,8,Changes
2023-06-05T20:37:19.971+09:00,tigerfriend,KeyEvent,118:86:4,IShape_hierarchy2,Editor,/Users/tigerfriend/C++/IShape_hierarchy2/Polygon.h,,16,9,Changes
2023-06-05T20:37:26.052+09:00,tigerfriend,KeyEvent,65535:157:4,IShape_hierarchy2,Editor,/Users/tigerfriend/C++/IShape_hierarchy2/Rectangle.h,,12,14,Changes
2023-06-05T20:37:26.215+09:00,tigerfriend,Action,EditorCopy,IShape_hierarchy2,Editor,/Users/tigerfriend/C++/IShape_hierarchy2/Rectangle.h,,12,14,Changes
2023-06-05T20:37:26.225+09:00,tigerfriend,KeyEvent,99:67:4,IShape_hierarchy2,Editor,/Users/tigerfriend/C++/IShape_hierarchy2/Rectangle.h,,12,14,Changes
2023-06-05T20:37:27.541+09:00,tigerfriend,KeyEvent,65535:157:4,IShape_hierarchy2,Editor,/Users/tigerfriend/C++/IShape_hierarchy2/Polygon.h,,13,12,Changes
2023-06-05T20:37:27.591+09:00,tigerfriend,Action,EditorPaste,IShape_hierarchy2,Editor,/Users/tigerfriend/C++/IShape_hierarchy2/Polygon.h,,13,12,Changes
2023-06-05T20:37:27.622+09:00,tigerfriend,KeyEvent,118:86:4,IShape_hierarchy2,Editor,/Users/tigerfriend/C++/IShape_hierarchy2/Polygon.h,,13,31,Changes
2023-06-05T20:37:29.370+09:00,tigerfriend,Action,Run,IShape_hierarchy2,Editor,/Users/tigerfriend/C++/IShape_hierarchy2/Polygon.h,,13,31,Changes
2023-06-05T20:37:56.168+09:00,tigerfriend,Action,EditorBackSpace,IShape_hierarchy2,Editor,/Users/tigerfriend/C++/IShape_hierarchy2/Triangle.h,,25,10,Changes
2023-06-05T20:37:56.170+09:00,tigerfriend,KeyEvent,8:8:0,IShape_hierarchy2,Editor,/Users/tigerfriend/C++/IShape_hierarchy2/Triangle.h,,25,9,Changes
2023-06-05T20:37:56.289+09:00,tigerfriend,Action,EditorBackSpace,IShape_hierarchy2,Editor,/Users/tigerfriend/C++/IShape_hierarchy2/Triangle.h,,25,9,Changes
2023-06-05T20:37:56.296+09:00,tigerfriend,KeyEvent,8:8:0,IShape_hierarchy2,Editor,/Users/tigerfriend/C++/IShape_hierarchy2/Triangle.h,,25,8,Changes
2023-06-05T20:37:57.225+09:00,tigerfriend,Action,Run,IShape_hierarchy2,Editor,/Users/tigerfriend/C++/IShape_hierarchy2/Triangle.h,,25,8,Changes
2023-06-05T20:37:57.707+09:00,tigerfriend,Execution,Run:'CMake Application: IShape_hierarchy2':/Users/tigerfriend/C++/IShape_hierarchy2/cmake-build-debug/IShape_hierarchy2,IShape_hierarchy2,Editor,/Users/tigerfriend/C++/IShape_hierarchy2/Triangle.h,,25,8,Changes
2023-06-05T20:38:24.659+09:00,tigerfriend,Action,EditorLeft,IShape_hierarchy2,Editor,/Users/tigerfriend/C++/IShape_hierarchy2/Triangle.h,,25,52,Changes
2023-06-05T20:38:24.661+09:00,tigerfriend,KeyEvent,65535:37:0,IShape_hierarchy2,Editor,/Users/tigerfriend/C++/IShape_hierarchy2/Triangle.h,,25,51,Changes
2023-06-05T20:38:25.032+09:00,tigerfriend,KeyEvent,65535:16:1,IShape_hierarchy2,Editor,/Users/tigerfriend/C++/IShape_hierarchy2/Triangle.h,,25,51,Changes
2023-06-05T20:38:25.178+09:00,tigerfriend,KeyEvent,60:153:1,IShape_hierarchy2,Editor,/Users/tigerfriend/C++/IShape_hierarchy2/Triangle.h,,25,51,Changes
2023-06-05T20:38:25.296+09:00,tigerfriend,KeyEvent,60:153:1,IShape_hierarchy2,Editor,/Users/tigerfriend/C++/IShape_hierarchy2/Triangle.h,,25,52,Changes
2023-06-05T20:38:25.512+09:00,tigerfriend,KeyEvent,65:65:1,IShape_hierarchy2,Editor,/Users/tigerfriend/C++/IShape_hierarchy2/Triangle.h,,25,53,Changes
2023-06-05T20:38:25.680+09:00,tigerfriend,KeyEvent,65:65:1,IShape_hierarchy2,Editor,/Users/tigerfriend/C++/IShape_hierarchy2/Triangle.h,,25,54,Changes
2023-06-05T20:38:25.817+09:00,tigerfriend,KeyEvent,65:65:1,IShape_hierarchy2,Editor,/Users/tigerfriend/C++/IShape_hierarchy2/Triangle.h,,25,55,Changes
2023-06-05T20:38:27.401+09:00,tigerfriend,Action,EditorLeft,IShape_hierarchy2,Editor,/Users/tigerfriend/C++/IShape_hierarchy2/Triangle.h,,25,56,Changes
2023-06-05T20:38:27.402+09:00,tigerfriend,KeyEvent,65535:37:0,IShape_hierarchy2,Editor,/Users/tigerfriend/C++/IShape_hierarchy2/Triangle.h,,25,55,Changes
2023-06-05T20:38:27.572+09:00,tigerfriend,Action,EditorLeft,IShape_hierarchy2,Editor,/Users/tigerfriend/C++/IShape_hierarchy2/Triangle.h,,25,55,Changes
2023-06-05T20:38:27.573+09:00,tigerfriend,KeyEvent,65535:37:0,IShape_hierarchy2,Editor,/Users/tigerfriend/C++/IShape_hierarchy2/Triangle.h,,25,54,Changes
2023-06-05T20:38:27.735+09:00,tigerfriend,Action,EditorLeft,IShape_hierarchy2,Editor,/Users/tigerfriend/C++/IShape_hierarchy2/Triangle.h,,25,54,Changes
2023-06-05T20:38:27.735+09:00,tigerfriend,KeyEvent,65535:37:0,IShape_hierarchy2,Editor,/Users/tigerfriend/C++/IShape_hierarchy2/Triangle.h,,25,53,Changes
2023-06-05T20:38:28.090+09:00,tigerfriend,KeyEvent,65535:16:1,IShape_hierarchy2,Editor,/Users/tigerfriend/C++/IShape_hierarchy2/Triangle.h,,25,53,Changes
2023-06-05T20:38:28.202+09:00,tigerfriend,KeyEvent,34:152:1,IShape_hierarchy2,Editor,/Users/tigerfriend/C++/IShape_hierarchy2/Triangle.h,,25,53,Changes
2023-06-05T20:38:28.406+09:00,tigerfriend,Action,EditorRight,IShape_hierarchy2,Editor,/Users/tigerfriend/C++/IShape_hierarchy2/Triangle.h,,25,54,Changes
2023-06-05T20:38:28.408+09:00,tigerfriend,KeyEvent,65535:39:0,IShape_hierarchy2,Editor,/Users/tigerfriend/C++/IShape_hierarchy2/Triangle.h,,25,55,Changes
2023-06-05T20:38:28.569+09:00,tigerfriend,Action,EditorRight,IShape_hierarchy2,Editor,/Users/tigerfriend/C++/IShape_hierarchy2/Triangle.h,,25,55,Changes
2023-06-05T20:38:28.572+09:00,tigerfriend,KeyEvent,65535:39:0,IShape_hierarchy2,Editor,/Users/tigerfriend/C++/IShape_hierarchy2/Triangle.h,,25,56,Changes
2023-06-05T20:38:28.708+09:00,tigerfriend,Action,EditorRight,IShape_hierarchy2,Editor,/Users/tigerfriend/C++/IShape_hierarchy2/Triangle.h,,25,56,Changes
2023-06-05T20:38:28.710+09:00,tigerfriend,KeyEvent,65535:39:0,IShape_hierarchy2,Editor,/Users/tigerfriend/C++/IShape_hierarchy2/Triangle.h,,25,57,Changes
2023-06-05T20:38:29.047+09:00,tigerfriend,KeyEvent,65535:16:1,IShape_hierarchy2,Editor,/Users/tigerfriend/C++/IShape_hierarchy2/Triangle.h,,25,57,Changes
2023-06-05T20:38:29.139+09:00,tigerfriend,KeyEvent,34:152:1,IShape_hierarchy2,Editor,/Users/tigerfriend/C++/IShape_hierarchy2/Triangle.h,,25,57,Changes
2023-06-05T20:38:29.688+09:00,tigerfriend,KeyEvent,65535:16:1,IShape_hierarchy2,Editor,/Users/tigerfriend/C++/IShape_hierarchy2/Triangle.h,,25,58,Changes
2023-06-05T20:38:29.824+09:00,tigerfriend,KeyEvent,60:153:1,IShape_hierarchy2,Editor,/Users/tigerfriend/C++/IShape_hierarchy2/Triangle.h,,25,58,Changes
2023-06-05T20:38:29.960+09:00,tigerfriend,KeyEvent,60:153:1,IShape_hierarchy2,Editor,/Users/tigerfriend/C++/IShape_hierarchy2/Triangle.h,,25,59,Changes
2023-06-05T20:38:30.389+09:00,tigerfriend,KeyEvent,101:69:0,IShape_hierarchy2,Editor,/Users/tigerfriend/C++/IShape_hierarchy2/Triangle.h,,25,60,Changes
2023-06-05T20:38:30.473+09:00,tigerfriend,KeyEvent,110:78:0,IShape_hierarchy2,Editor,/Users/tigerfriend/C++/IShape_hierarchy2/Triangle.h,,25,61,Changes
2023-06-05T20:38:30.584+09:00,tigerfriend,KeyEvent,100:68:0,IShape_hierarchy2,Editor,/Users/tigerfriend/C++/IShape_hierarchy2/Triangle.h,,25,62,Changes
2023-06-05T20:38:31.259+09:00,tigerfriend,KeyEvent,108:76:0,IShape_hierarchy2,Editor,/Users/tigerfriend/C++/IShape_hierarchy2/Triangle.h,,25,63,Changes
2023-06-05T20:38:34.546+09:00,tigerfriend,Action,Run,IShape_hierarchy2,Editor,/Users/tigerfriend/C++/IShape_hierarchy2/Triangle.h,,23,5,Changes
2023-06-05T20:38:35.130+09:00,tigerfriend,Execution,Run:'CMake Application: IShape_hierarchy2':/Users/tigerfriend/C++/IShape_hierarchy2/cmake-build-debug/IShape_hierarchy2,IShape_hierarchy2,Editor,/Users/tigerfriend/C++/IShape_hierarchy2/Triangle.h,,23,5,Changes
2023-06-05T20:38:51.455+09:00,tigerfriend,KeyEvent,115:83:0,IShape_hierarchy2,Editor,/Users/tigerfriend/C++/IShape_hierarchy2/Triangle.h,,25,8,Changes
2023-06-05T20:38:51.556+09:00,tigerfriend,KeyEvent,116:84:0,IShape_hierarchy2,Editor,/Users/tigerfriend/C++/IShape_hierarchy2/Triangle.h,,25,9,Changes
2023-06-05T20:38:51.726+09:00,tigerfriend,KeyEvent,100:68:0,IShape_hierarchy2,Editor,/Users/tigerfriend/C++/IShape_hierarchy2/Triangle.h,,25,10,Changes
2023-06-05T20:38:52.135+09:00,tigerfriend,KeyEvent,65535:16:1,IShape_hierarchy2,Editor,/Users/tigerfriend/C++/IShape_hierarchy2/Triangle.h,,25,11,Changes
2023-06-05T20:38:52.458+09:00,tigerfriend,KeyEvent,58:513:1,IShape_hierarchy2,Editor,/Users/tigerfriend/C++/IShape_hierarchy2/Triangle.h,,25,11,Changes
2023-06-05T20:38:52.601+09:00,tigerfriend,KeyEvent,58:513:1,IShape_hierarchy2,Editor,/Users/tigerfriend/C++/IShape_hierarchy2/Triangle.h,,25,12,Changes
2023-06-05T20:38:54.484+09:00,tigerfriend,Action,Run,IShape_hierarchy2,Editor,/Users/tigerfriend/C++/IShape_hierarchy2/Triangle.h,,25,13,Changes
2023-06-05T20:38:55.011+09:00,tigerfriend,Execution,Run:'CMake Application: IShape_hierarchy2':/Users/tigerfriend/C++/IShape_hierarchy2/cmake-build-debug/IShape_hierarchy2,IShape_hierarchy2,Editor,/Users/tigerfriend/C++/IShape_hierarchy2/Triangle.h,,25,13,Changes
2023-06-05T20:38:59.983+09:00,tigerfriend,KeyEvent,47:47:0,IShape_hierarchy2,Editor,/Users/tigerfriend/C++/IShape_hierarchy2/Triangle.h,,25,8,Changes
2023-06-05T20:39:00.111+09:00,tigerfriend,KeyEvent,47:47:0,IShape_hierarchy2,Editor,/Users/tigerfriend/C++/IShape_hierarchy2/Triangle.h,,25,9,Changes
2023-06-05T20:39:13.246+09:00,tigerfriend,Action,ToggleLineBreakpoint,IShape_hierarchy2,Editor,/Users/tigerfriend/C++/IShape_hierarchy2/Triangle.h,,26,8,Changes
2023-06-05T20:39:14.676+09:00,tigerfriend,Action,Debug,IShape_hierarchy2,Editor,/Users/tigerfriend/C++/IShape_hierarchy2/Triangle.h,,26,8,Changes
2023-06-05T20:39:15.310+09:00,tigerfriend,Execution,Debug:'CMake Application: IShape_hierarchy2':,IShape_hierarchy2,Editor,/Users/tigerfriend/C++/IShape_hierarchy2/Triangle.h,,26,8,Changes
2023-06-05T20:39:21.943+09:00,tigerfriend,Action,StepInto,IShape_hierarchy2,Debug,/Users/tigerfriend/C++/IShape_hierarchy2/Triangle.h,,26,0,Changes
2023-06-05T20:39:25.594+09:00,tigerfriend,Action,StepInto,IShape_hierarchy2,Debug,/Users/tigerfriend/C++/IShape_hierarchy2/Helper.h,,10,0,Changes
2023-06-05T20:39:25.995+09:00,tigerfriend,Action,StepInto,IShape_hierarchy2,Debug,/Users/tigerfriend/C++/IShape_hierarchy2/Helper.h,,11,0,Changes
2023-06-05T20:39:27.179+09:00,tigerfriend,Action,StepInto,IShape_hierarchy2,Debug,/Users/tigerfriend/C++/IShape_hierarchy2/Helper.h,,12,0,Changes
2023-06-05T20:39:28.323+09:00,tigerfriend,Action,StepInto,IShape_hierarchy2,Debug,/Applications/Xcode.app/Contents/Developer/Platforms/MacOSX.platform/Developer/SDKs/MacOSX13.0.sdk/usr/include/c++/v1/math.h,,1054,0,Changes
2023-06-05T20:39:29.100+09:00,tigerfriend,Action,StepInto,IShape_hierarchy2,Debug,/Users/tigerfriend/C++/IShape_hierarchy2/Helper.h,,12,0,Changes
2023-06-05T20:39:30.827+09:00,tigerfriend,Action,StepInto,IShape_hierarchy2,Debug,/Users/tigerfriend/C++/IShape_hierarchy2/Triangle.h,,26,0,Changes
2023-06-05T20:39:31.544+09:00,tigerfriend,Action,StepInto,IShape_hierarchy2,Debug,/Users/tigerfriend/C++/IShape_hierarchy2/Helper.h,,10,0,Changes
2023-06-05T20:39:31.978+09:00,tigerfriend,Action,StepInto,IShape_hierarchy2,Debug,/Users/tigerfriend/C++/IShape_hierarchy2/Helper.h,,11,0,Changes
2023-06-05T20:39:32.468+09:00,tigerfriend,Action,StepInto,IShape_hierarchy2,Debug,/Users/tigerfriend/C++/IShape_hierarchy2/Helper.h,,12,0,Changes
2023-06-05T20:39:33.256+09:00,tigerfriend,Action,StepInto,IShape_hierarchy2,Debug,/Applications/Xcode.app/Contents/Developer/Platforms/MacOSX.platform/Developer/SDKs/MacOSX13.0.sdk/usr/include/c++/v1/math.h,,1054,0,Changes
2023-06-05T20:39:35.170+09:00,tigerfriend,Action,StepInto,IShape_hierarchy2,Debug,/Users/tigerfriend/C++/IShape_hierarchy2/Helper.h,,12,0,Changes
2023-06-05T20:39:36.512+09:00,tigerfriend,Action,StepInto,IShape_hierarchy2,Debug,/Users/tigerfriend/C++/IShape_hierarchy2/Triangle.h,,26,0,Changes
2023-06-05T20:39:54.669+09:00,tigerfriend,Action,EditorRight,IShape_hierarchy2,Editor,/Users/tigerfriend/C++/IShape_hierarchy2/Triangle.h,,26,96,Changes
2023-06-05T20:39:54.672+09:00,tigerfriend,KeyEvent,65535:39:0,IShape_hierarchy2,Editor,/Users/tigerfriend/C++/IShape_hierarchy2/Triangle.h,,26,97,Changes
2023-06-05T20:39:54.945+09:00,tigerfriend,Action,EditorBackSpace,IShape_hierarchy2,Editor,/Users/tigerfriend/C++/IShape_hierarchy2/Triangle.h,,26,97,Changes
2023-06-05T20:39:54.952+09:00,tigerfriend,KeyEvent,8:8:0,IShape_hierarchy2,Editor,/Users/tigerfriend/C++/IShape_hierarchy2/Triangle.h,,26,96,Changes
2023-06-05T20:39:55.193+09:00,tigerfriend,KeyEvent,48:48:0,IShape_hierarchy2,Editor,/Users/tigerfriend/C++/IShape_hierarchy2/Triangle.h,,26,96,Changes
2023-06-05T20:39:56.557+09:00,tigerfriend,Action,Stop,IShape_hierarchy2,Editor,/Users/tigerfriend/C++/IShape_hierarchy2/Triangle.h,,26,97,Changes
2023-06-05T20:39:59.144+09:00,tigerfriend,Action,Run,IShape_hierarchy2,Editor,/Users/tigerfriend/C++/IShape_hierarchy2/Triangle.h,,26,0,Changes
2023-06-05T20:39:59.746+09:00,tigerfriend,Execution,Run:'CMake Application: IShape_hierarchy2':/Users/tigerfriend/C++/IShape_hierarchy2/cmake-build-debug/IShape_hierarchy2,IShape_hierarchy2,Editor,/Users/tigerfriend/C++/IShape_hierarchy2/Triangle.h,,26,0,Changes
2023-06-05T20:40:01.948+09:00,tigerfriend,KeyEvent,65535:157:4,IShape_hierarchy2,Editor,/Users/tigerfriend/C++/IShape_hierarchy2/Triangle.h,,26,0,Changes
2023-06-05T20:41:22.729+09:00,tigerfriend,Action,EditorBackSpace,IShape_hierarchy2,Editor,/Users/tigerfriend/C++/IShape_hierarchy2/Triangle.h,,25,72,Changes
2023-06-05T20:41:22.739+09:00,tigerfriend,KeyEvent,8:8:0,IShape_hierarchy2,Editor,/Users/tigerfriend/C++/IShape_hierarchy2/Triangle.h,,25,7,Changes
2023-06-05T20:41:23.154+09:00,tigerfriend,Action,EditorBackSpace,IShape_hierarchy2,Editor,/Users/tigerfriend/C++/IShape_hierarchy2/Triangle.h,,25,7,Changes
2023-06-05T20:41:23.169+09:00,tigerfriend,KeyEvent,8:8:0,IShape_hierarchy2,Editor,/Users/tigerfriend/C++/IShape_hierarchy2/Triangle.h,,24,50,Changes
2023-06-05T20:41:31.086+09:00,tigerfriend,KeyEvent,65535:157:4,IShape_hierarchy2,Editor,/Users/tigerfriend/C++/IShape_hierarchy2/Polygon.h,,16,9,Changes
2023-06-05T20:42:07.110+09:00,tigerfriend,KeyEvent,65535:16:1,IShape_hierarchy2,Editor,/Users/tigerfriend/C++/IShape_hierarchy2/Polygon.h,,26,45,Changes
2023-06-05T20:42:07.541+09:00,tigerfriend,KeyEvent,42:151:1,IShape_hierarchy2,Editor,/Users/tigerfriend/C++/IShape_hierarchy2/Polygon.h,,26,45,Changes
2023-06-05T20:42:08.041+09:00,tigerfriend,KeyEvent,50:50:0,IShape_hierarchy2,Editor,/Users/tigerfriend/C++/IShape_hierarchy2/Polygon.h,,26,46,Changes
2023-06-05T20:42:10.929+09:00,tigerfriend,Action,EditorBackSpace,IShape_hierarchy2,Editor,/Users/tigerfriend/C++/IShape_hierarchy2/Polygon.h,,26,81,Changes
2023-06-05T20:42:10.934+09:00,tigerfriend,KeyEvent,8:8:0,IShape_hierarchy2,Editor,/Users/tigerfriend/C++/IShape_hierarchy2/Polygon.h,,26,80,Changes
2023-06-05T20:42:11.077+09:00,tigerfriend,Action,EditorBackSpace,IShape_hierarchy2,Editor,/Users/tigerfriend/C++/IShape_hierarchy2/Polygon.h,,26,80,Changes
2023-06-05T20:42:11.079+09:00,tigerfriend,KeyEvent,8:8:0,IShape_hierarchy2,Editor,/Users/tigerfriend/C++/IShape_hierarchy2/Polygon.h,,26,79,Changes
2023-06-05T20:42:11.221+09:00,tigerfriend,Action,EditorBackSpace,IShape_hierarchy2,Editor,/Users/tigerfriend/C++/IShape_hierarchy2/Polygon.h,,26,79,Changes
2023-06-05T20:42:11.222+09:00,tigerfriend,KeyEvent,8:8:0,IShape_hierarchy2,Editor,/Users/tigerfriend/C++/IShape_hierarchy2/Polygon.h,,26,78,Changes
2023-06-05T20:42:16.879+09:00,tigerfriend,KeyEvent,65535:16:1,IShape_hierarchy2,Editor,/Users/tigerfriend/C++/IShape_hierarchy2/Polygon.h,,26,78,Changes
2023-06-05T20:42:16.977+09:00,tigerfriend,KeyEvent,41:522:1,IShape_hierarchy2,Editor,/Users/tigerfriend/C++/IShape_hierarchy2/Polygon.h,,26,78,Changes
2023-06-05T20:42:21.389+09:00,tigerfriend,KeyEvent,32:32:0,IShape_hierarchy2,Editor,/Users/tigerfriend/C++/IShape_hierarchy2/Polygon.h,,26,47,Changes
2023-06-05T20:42:23.564+09:00,tigerfriend,Action,EditorLeft,IShape_hierarchy2,Editor,/Users/tigerfriend/C++/IShape_hierarchy2/Polygon.h,,26,80,Changes
2023-06-05T20:42:23.567+09:00,tigerfriend,KeyEvent,65535:37:0,IShape_hierarchy2,Editor,/Users/tigerfriend/C++/IShape_hierarchy2/Polygon.h,,26,79,Changes
2023-06-05T20:42:24.195+09:00,tigerfriend,KeyEvent,65535:16:1,IShape_hierarchy2,Editor,/Users/tigerfriend/C++/IShape_hierarchy2/Polygon.h,,26,79,Changes
2023-06-05T20:42:26.075+09:00,tigerfriend,KeyEvent,43:521:1,IShape_hierarchy2,Editor,/Users/tigerfriend/C++/IShape_hierarchy2/Polygon.h,,26,79,Changes
2023-06-05T20:42:31.088+09:00,tigerfriend,KeyEvent,99:67:0,IShape_hierarchy2,Editor,/Users/tigerfriend/C++/IShape_hierarchy2/Polygon.h,,26,80,Changes
2023-06-05T20:42:31.556+09:00,tigerfriend,Action,EditorBackSpace,IShape_hierarchy2,Editor,/Users/tigerfriend/C++/IShape_hierarchy2/Polygon.h,,26,81,Changes
2023-06-05T20:42:31.562+09:00,tigerfriend,KeyEvent,8:8:0,IShape_hierarchy2,Editor,/Users/tigerfriend/C++/IShape_hierarchy2/Polygon.h,,26,80,Changes
2023-06-05T20:42:36.571+09:00,tigerfriend,Action,EditorBackSpace,IShape_hierarchy2,Editor,/Users/tigerfriend/C++/IShape_hierarchy2/Polygon.h,,26,33,Changes
2023-06-05T20:42:36.572+09:00,tigerfriend,KeyEvent,8:8:0,IShape_hierarchy2,Editor,/Users/tigerfriend/C++/IShape_hierarchy2/Polygon.h,,26,32,Changes
2023-06-05T20:42:37.170+09:00,tigerfriend,KeyEvent,48:48:0,IShape_hierarchy2,Editor,/Users/tigerfriend/C++/IShape_hierarchy2/Polygon.h,,26,32,Changes
2023-06-05T20:42:38.490+09:00,tigerfriend,Action,EditorBackSpace,IShape_hierarchy2,Editor,/Users/tigerfriend/C++/IShape_hierarchy2/Polygon.h,,26,43,Changes
2023-06-05T20:42:38.495+09:00,tigerfriend,KeyEvent,8:8:0,IShape_hierarchy2,Editor,/Users/tigerfriend/C++/IShape_hierarchy2/Polygon.h,,26,42,Changes
2023-06-05T20:42:38.655+09:00,tigerfriend,KeyEvent,49:49:0,IShape_hierarchy2,Editor,/Users/tigerfriend/C++/IShape_hierarchy2/Polygon.h,,26,42,Changes
2023-06-05T20:42:55.336+09:00,tigerfriend,Action,EditorBackSpace,IShape_hierarchy2,Editor,/Users/tigerfriend/C++/IShape_hierarchy2/Polygon.h,,26,67,Changes
2023-06-05T20:42:55.348+09:00,tigerfriend,KeyEvent,8:8:0,IShape_hierarchy2,Editor,/Users/tigerfriend/C++/IShape_hierarchy2/Polygon.h,,26,66,Changes
2023-06-05T20:42:55.697+09:00,tigerfriend,KeyEvent,49:49:0,IShape_hierarchy2,Editor,/Users/tigerfriend/C++/IShape_hierarchy2/Polygon.h,,26,66,Changes
2023-06-05T20:42:57.087+09:00,tigerfriend,Action,EditorBackSpace,IShape_hierarchy2,Editor,/Users/tigerfriend/C++/IShape_hierarchy2/Polygon.h,,26,77,Changes
2023-06-05T20:42:57.092+09:00,tigerfriend,KeyEvent,8:8:0,IShape_hierarchy2,Editor,/Users/tigerfriend/C++/IShape_hierarchy2/Polygon.h,,26,76,Changes
2023-06-05T20:42:57.271+09:00,tigerfriend,KeyEvent,50:50:0,IShape_hierarchy2,Editor,/Users/tigerfriend/C++/IShape_hierarchy2/Polygon.h,,26,76,Changes
2023-06-05T20:43:05.298+09:00,tigerfriend,KeyEvent,65535:157:4,IShape_hierarchy2,Editor,/Users/tigerfriend/C++/IShape_hierarchy2/Polygon.h,,26,79,Changes
2023-06-05T20:43:05.707+09:00,tigerfriend,Action,EditorCopy,IShape_hierarchy2,Editor,/Users/tigerfriend/C++/IShape_hierarchy2/Polygon.h,,26,79,Changes
2023-06-05T20:43:05.729+09:00,tigerfriend,KeyEvent,99:67:4,IShape_hierarchy2,Editor,/Users/tigerfriend/C++/IShape_hierarchy2/Polygon.h,,26,79,Changes
2023-06-05T20:43:06.660+09:00,tigerfriend,KeyEvent,65535:157:4,IShape_hierarchy2,Editor,/Users/tigerfriend/C++/IShape_hierarchy2/Polygon.h,,26,80,Changes
2023-06-05T20:43:07.445+09:00,tigerfriend,Action,EditorPaste,IShape_hierarchy2,Editor,/Users/tigerfriend/C++/IShape_hierarchy2/Polygon.h,,26,80,Changes
2023-06-05T20:43:07.475+09:00,tigerfriend,KeyEvent,118:86:4,IShape_hierarchy2,Editor,/Users/tigerfriend/C++/IShape_hierarchy2/Polygon.h,,26,109,Changes
2023-06-05T20:43:10.528+09:00,tigerfriend,Action,EditorBackSpace,IShape_hierarchy2,Editor,/Users/tigerfriend/C++/IShape_hierarchy2/Polygon.h,,26,97,Changes
2023-06-05T20:43:10.530+09:00,tigerfriend,KeyEvent,8:8:0,IShape_hierarchy2,Editor,/Users/tigerfriend/C++/IShape_hierarchy2/Polygon.h,,26,96,Changes
2023-06-05T20:43:10.819+09:00,tigerfriend,KeyEvent,51:51:0,IShape_hierarchy2,Editor,/Users/tigerfriend/C++/IShape_hierarchy2/Polygon.h,,26,96,Changes
2023-06-05T20:43:13.136+09:00,tigerfriend,Action,EditorBackSpace,IShape_hierarchy2,Editor,/Users/tigerfriend/C++/IShape_hierarchy2/Polygon.h,,26,107,Changes
2023-06-05T20:43:13.137+09:00,tigerfriend,KeyEvent,8:8:0,IShape_hierarchy2,Editor,/Users/tigerfriend/C++/IShape_hierarchy2/Polygon.h,,26,106,Changes
2023-06-05T20:43:13.617+09:00,tigerfriend,KeyEvent,52:52:0,IShape_hierarchy2,Editor,/Users/tigerfriend/C++/IShape_hierarchy2/Polygon.h,,26,106,Changes
2023-06-05T20:43:16.071+09:00,tigerfriend,KeyEvent,65535:16:1,IShape_hierarchy2,Editor,/Users/tigerfriend/C++/IShape_hierarchy2/Polygon.h,,26,109,Changes
2023-06-05T20:43:16.353+09:00,tigerfriend,KeyEvent,42:151:1,IShape_hierarchy2,Editor,/Users/tigerfriend/C++/IShape_hierarchy2/Polygon.h,,26,109,Changes
2023-06-05T20:43:16.639+09:00,tigerfriend,KeyEvent,50:50:0,IShape_hierarchy2,Editor,/Users/tigerfriend/C++/IShape_hierarchy2/Polygon.h,,26,110,Changes
2023-06-05T20:43:21.215+09:00,tigerfriend,Action,Run,IShape_hierarchy2,Editor,/Users/tigerfriend/C++/IShape_hierarchy2/Polygon.h,,22,75,Changes
2023-06-05T20:43:21.809+09:00,tigerfriend,Execution,Run:'CMake Application: IShape_hierarchy2':/Users/tigerfriend/C++/IShape_hierarchy2/cmake-build-debug/IShape_hierarchy2,IShape_hierarchy2,Editor,/Users/tigerfriend/C++/IShape_hierarchy2/Polygon.h,,22,75,Changes
2023-06-05T20:43:25.360+09:00,tigerfriend,KeyEvent,65535:157:4,IShape_hierarchy2,Editor,/Users/tigerfriend/C++/IShape_hierarchy2/Polygon.h,,22,75,Changes
2023-06-05T20:43:33.796+09:00,tigerfriend,KeyEvent,45:45:0,IShape_hierarchy2,Editor,/Users/tigerfriend/C++/IShape_hierarchy2/Polygon.h,,22,74,Changes
2023-06-05T20:43:34.409+09:00,tigerfriend,KeyEvent,99:67:0,IShape_hierarchy2,Editor,/Users/tigerfriend/C++/IShape_hierarchy2/Polygon.h,,22,75,Changes
2023-06-05T20:43:36.136+09:00,tigerfriend,KeyEvent,97:65:0,IShape_hierarchy2,Editor,/Users/tigerfriend/C++/IShape_hierarchy2/Polygon.h,,22,76,Changes
2023-06-05T20:43:36.678+09:00,tigerfriend,Action,EditorChooseLookupItem,IShape_hierarchy2,Editor,/Users/tigerfriend/C++/IShape_hierarchy2/Polygon.h,,22,77,Changes
2023-06-05T20:43:36.698+09:00,tigerfriend,KeyEvent,10:10:0,IShape_hierarchy2,Editor,/Users/tigerfriend/C++/IShape_hierarchy2/Polygon.h,,22,84,Changes
2023-06-05T20:43:38.093+09:00,tigerfriend,KeyEvent,112:80:0,IShape_hierarchy2,Editor,/Users/tigerfriend/C++/IShape_hierarchy2/Polygon.h,,22,85,Changes
2023-06-05T20:43:38.672+09:00,tigerfriend,KeyEvent,111:79:0,IShape_hierarchy2,Editor,/Users/tigerfriend/C++/IShape_hierarchy2/Polygon.h,,22,86,Changes
2023-06-05T20:43:39.089+09:00,tigerfriend,KeyEvent,105:73:0,IShape_hierarchy2,Editor,/Users/tigerfriend/C++/IShape_hierarchy2/Polygon.h,,22,87,Changes
2023-06-05T20:43:39.165+09:00,tigerfriend,KeyEvent,110:78:0,IShape_hierarchy2,Editor,/Users/tigerfriend/C++/IShape_hierarchy2/Polygon.h,,22,88,Changes
2023-06-05T20:43:39.541+09:00,tigerfriend,KeyEvent,116:84:0,IShape_hierarchy2,Editor,/Users/tigerfriend/C++/IShape_hierarchy2/Polygon.h,,22,89,Changes
2023-06-05T20:43:44.441+09:00,tigerfriend,KeyEvent,115:83:0,IShape_hierarchy2,Editor,/Users/tigerfriend/C++/IShape_hierarchy2/Polygon.h,,22,90,Changes
2023-06-05T20:43:48.842+09:00,tigerfriend,KeyEvent,91:91:0,IShape_hierarchy2,Editor,/Users/tigerfriend/C++/IShape_hierarchy2/Polygon.h,,22,91,Changes
2023-06-05T20:44:03.725+09:00,tigerfriend,Action,EditorBackSpace,IShape_hierarchy2,Editor,/Users/tigerfriend/C++/IShape_hierarchy2/Polygon.h,,22,93,Changes
2023-06-05T20:44:03.729+09:00,tigerfriend,KeyEvent,8:8:0,IShape_hierarchy2,Editor,/Users/tigerfriend/C++/IShape_hierarchy2/Polygon.h,,22,76,Changes
2023-06-05T20:44:03.943+09:00,tigerfriend,KeyEvent,49:49:0,IShape_hierarchy2,Editor,/Users/tigerfriend/C++/IShape_hierarchy2/Polygon.h,,22,76,Changes
2023-06-05T20:44:05.534+09:00,tigerfriend,Action,Run,IShape_hierarchy2,Editor,/Users/tigerfriend/C++/IShape_hierarchy2/Polygon.h,,21,45,Changes
2023-06-05T20:44:08.384+09:00,tigerfriend,Action,EditorLeft,IShape_hierarchy2,Editor,/Users/tigerfriend/C++/IShape_hierarchy2/Polygon.h,,22,77,Changes
2023-06-05T20:44:08.387+09:00,tigerfriend,KeyEvent,65535:37:0,IShape_hierarchy2,Editor,/Users/tigerfriend/C++/IShape_hierarchy2/Polygon.h,,22,76,Changes
2023-06-05T20:44:10.383+09:00,tigerfriend,Action,EditorRight,IShape_hierarchy2,Editor,/Users/tigerfriend/C++/IShape_hierarchy2/Polygon.h,,22,76,Changes
2023-06-05T20:44:10.386+09:00,tigerfriend,KeyEvent,65535:39:0,IShape_hierarchy2,Editor,/Users/tigerfriend/C++/IShape_hierarchy2/Polygon.h,,22,77,Changes
2023-06-05T20:44:10.621+09:00,tigerfriend,Action,EditorRight,IShape_hierarchy2,Editor,/Users/tigerfriend/C++/IShape_hierarchy2/Polygon.h,,22,77,Changes
2023-06-05T20:44:10.623+09:00,tigerfriend,KeyEvent,65535:39:0,IShape_hierarchy2,Editor,/Users/tigerfriend/C++/IShape_hierarchy2/Polygon.h,,22,78,Changes
2023-06-05T20:44:11.004+09:00,tigerfriend,Action,EditorBackSpace,IShape_hierarchy2,Editor,/Users/tigerfriend/C++/IShape_hierarchy2/Polygon.h,,22,78,Changes
2023-06-05T20:44:11.010+09:00,tigerfriend,KeyEvent,8:8:0,IShape_hierarchy2,Editor,/Users/tigerfriend/C++/IShape_hierarchy2/Polygon.h,,22,77,Changes
2023-06-05T20:44:12.334+09:00,tigerfriend,Action,Run,IShape_hierarchy2,Editor,/Users/tigerfriend/C++/IShape_hierarchy2/Polygon.h,,22,77,Changes
2023-06-05T20:44:12.796+09:00,tigerfriend,Execution,Run:'CMake Application: IShape_hierarchy2':/Users/tigerfriend/C++/IShape_hierarchy2/cmake-build-debug/IShape_hierarchy2,IShape_hierarchy2,Editor,/Users/tigerfriend/C++/IShape_hierarchy2/Polygon.h,,22,77,Changes
2023-06-05T20:44:14.869+09:00,tigerfriend,KeyEvent,65535:157:4,IShape_hierarchy2,Editor,/Users/tigerfriend/C++/IShape_hierarchy2/Polygon.h,,22,77,Changes
2023-06-05T20:44:17.751+09:00,tigerfriend,KeyEvent,65535:157:4,IShape_hierarchy2,Editor,/Users/tigerfriend/C++/IShape_hierarchy2/Polygon.h,,27,5,Changes
2023-06-05T20:44:17.830+09:00,tigerfriend,Action,SaveAll,IShape_hierarchy2,Editor,/Users/tigerfriend/C++/IShape_hierarchy2/Polygon.h,,27,5,Changes
2023-06-05T20:44:17.833+09:00,tigerfriend,KeyEvent,115:83:4,IShape_hierarchy2,Editor,/Users/tigerfriend/C++/IShape_hierarchy2/Polygon.h,,27,5,Changes
2023-06-05T20:44:20.510+09:00,tigerfriend,Action,Start/Stop Activity Tracking,,,,,-1,-1,
