2023-03-13T17:07:06.993+09:00,tigerfriend,Action,EditorEnter,C__,Editor,/Users/tigerfriend/C++/main.cpp,,2,17,Changes
2023-03-13T17:07:08.743+09:00,tigerfriend,Action,EditorBackSpace,C__,Editor,/Users/tigerfriend/C++/main.cpp,,3,1,Changes
2023-03-13T17:07:10.402+09:00,tigerfriend,Action,EditorChooseLookupItem,C__,Editor,/Users/tigerfriend/C++/main.cpp,,3,3,Changes
2023-03-13T17:07:11.249+09:00,tigerfriend,Action,EditorRight,C__,Editor,/Users/tigerfriend/C++/main.cpp,,3,10,Changes
2023-03-13T17:07:11.562+09:00,tigerfriend,Action,EditorBackSpace,C__,Editor,/Users/tigerfriend/C++/main.cpp,,3,11,Changes
2023-03-13T17:07:11.683+09:00,tigerfriend,Action,EditorBackSpace,C__,Editor,/Users/tigerfriend/C++/main.cpp,,3,10,Changes
2023-03-13T17:07:13.718+09:00,tigerfriend,Action,EditorChooseLookupItem,C__,Editor,/Users/tigerfriend/C++/main.cpp,,3,13,Changes
2023-03-13T17:07:17.661+09:00,tigerfriend,Action,EditorChooseLookupItem,C__,Editor,/Users/tigerfriend/C++/main.cpp,,11,6,Changes
2023-03-13T17:07:40.269+09:00,tigerfriend,Action,EditorLeft,C__,Editor,/Users/tigerfriend/C++/main.cpp,,11,20,Changes
2023-03-13T17:07:40.371+09:00,tigerfriend,Action,EditorLeft,C__,Editor,/Users/tigerfriend/C++/main.cpp,,11,19,Changes
2023-03-13T17:07:40.479+09:00,tigerfriend,Action,EditorLeft,C__,Editor,/Users/tigerfriend/C++/main.cpp,,11,18,Changes
2023-03-13T17:07:40.557+09:00,tigerfriend,Action,EditorLeft,C__,Editor,/Users/tigerfriend/C++/main.cpp,,11,17,Changes
2023-03-13T17:07:40.671+09:00,tigerfriend,Action,EditorLeft,C__,Editor,/Users/tigerfriend/C++/main.cpp,,11,16,Changes
2023-03-13T17:07:40.777+09:00,tigerfriend,Action,EditorLeft,C__,Editor,/Users/tigerfriend/C++/main.cpp,,11,15,Changes
2023-03-13T17:08:02.038+09:00,tigerfriend,Action,EditorBackSpace,C__,Editor,/Users/tigerfriend/C++/main.cpp,,11,14,Changes
2023-03-13T17:08:02.179+09:00,tigerfriend,Action,EditorBackSpace,C__,Editor,/Users/tigerfriend/C++/main.cpp,,11,13,Changes
2023-03-13T17:08:02.332+09:00,tigerfriend,Action,EditorBackSpace,C__,Editor,/Users/tigerfriend/C++/main.cpp,,11,12,Changes
2023-03-13T17:08:05.661+09:00,tigerfriend,Action,EditorBackSpace,C__,Editor,/Users/tigerfriend/C++/main.cpp,,11,11,Changes
2023-03-13T17:08:09.376+09:00,tigerfriend,Action,EditorEnter,C__,Editor,/Users/tigerfriend/C++/main.cpp,,11,28,Changes
2023-03-13T17:08:45.523+09:00,tigerfriend,Action,EditorBackSpace,C__,Editor,/Users/tigerfriend/C++/main.cpp,,12,18,Changes
2023-03-13T17:08:45.638+09:00,tigerfriend,Action,EditorBackSpace,C__,Editor,/Users/tigerfriend/C++/main.cpp,,12,17,Changes
2023-03-13T17:09:01.613+09:00,tigerfriend,Action,EditorRight,C__,Editor,/Users/tigerfriend/C++/main.cpp,,12,27,Changes
2023-03-13T17:09:03.693+09:00,tigerfriend,Action,EditorEnter,C__,Editor,/Users/tigerfriend/C++/main.cpp,,12,29,Changes
2023-03-13T17:09:08.616+09:00,tigerfriend,Action,EditorCopy,C__,Editor,/Users/tigerfriend/C++/main.cpp,,9,4,Changes
2023-03-13T17:09:09.269+09:00,tigerfriend,Action,EditorPaste,C__,Editor,/Users/tigerfriend/C++/main.cpp,,13,8,Changes
2023-03-13T17:09:12.185+09:00,tigerfriend,Action,EditorEnter,C__,Editor,/Users/tigerfriend/C++/main.cpp,,14,26,Changes
2023-03-13T17:09:17.876+09:00,tigerfriend,Action,EditorRight,C__,Editor,/Users/tigerfriend/C++/main.cpp,,15,13,Changes
2023-03-13T17:09:25.533+09:00,tigerfriend,Action,EditorChooseLookupItem,C__,Editor,/Users/tigerfriend/C++/main.cpp,,15,19,Changes
2023-03-13T17:10:56.811+09:00,tigerfriend,Action,EditorEnter,C__,Editor,/Users/tigerfriend/C++/main.cpp,,15,27,Changes
2023-03-13T17:10:59.595+09:00,tigerfriend,Action,EditorBackSpace,C__,Editor,/Users/tigerfriend/C++/main.cpp,,16,12,Changes
2023-03-13T17:10:59.699+09:00,tigerfriend,Action,EditorBackSpace,C__,Editor,/Users/tigerfriend/C++/main.cpp,,16,11,Changes
2023-03-13T17:10:59.792+09:00,tigerfriend,Action,EditorBackSpace,C__,Editor,/Users/tigerfriend/C++/main.cpp,,16,10,Changes
2023-03-13T17:11:00.232+09:00,tigerfriend,Action,EditorBackSpace,C__,Editor,/Users/tigerfriend/C++/main.cpp,,16,10,Changes
2023-03-13T17:11:00.485+09:00,tigerfriend,Action,EditorBackSpace,C__,Editor,/Users/tigerfriend/C++/main.cpp,,16,9,Changes
2023-03-13T17:11:09.836+09:00,tigerfriend,Action,EditorRight,C__,Editor,/Users/tigerfriend/C++/main.cpp,,16,19,Changes
2023-03-13T17:11:21.103+09:00,tigerfriend,Action,Run,C__,Editor,/Users/tigerfriend/C++/main.cpp,,16,13,Changes
2023-03-13T17:11:31.249+09:00,tigerfriend,Action,EditorEnter,C__,Editor,/Users/tigerfriend/C++/main.cpp,,17,5,Changes
2023-03-13T17:11:32.740+09:00,tigerfriend,Action,EditorBackSpace,C__,Editor,/Users/tigerfriend/C++/main.cpp,,18,9,Changes
2023-03-13T17:11:41.437+09:00,tigerfriend,Action,Run,C__,Editor,/Users/tigerfriend/C++/main.cpp,,16,10,Changes
2023-03-13T17:11:42.114+09:00,tigerfriend,Execution,Run:'CMake Application: C__':/Users/tigerfriend/C++/cmake-build-debug/C__,C__,Editor,/Users/tigerfriend/C++/main.cpp,,16,10,Changes
2023-03-13T17:12:06.510+09:00,tigerfriend,Action,EditorBackSpace,C__,Editor,/Users/tigerfriend/C++/main.cpp,,16,10,Changes
2023-03-13T17:12:06.602+09:00,tigerfriend,Action,EditorBackSpace,C__,Editor,/Users/tigerfriend/C++/main.cpp,,16,9,Changes
2023-03-13T17:12:11.737+09:00,tigerfriend,Action,EditorBackSpace,C__,Editor,/Users/tigerfriend/C++/main.cpp,,16,14,Changes
2023-03-13T17:12:11.833+09:00,tigerfriend,Action,EditorBackSpace,C__,Editor,/Users/tigerfriend/C++/main.cpp,,16,13,Changes
2023-03-13T17:12:26.018+09:00,tigerfriend,Action,EditorRight,C__,Editor,/Users/tigerfriend/C++/main.cpp,,16,13,Changes
2023-03-13T17:12:26.278+09:00,tigerfriend,Action,EditorRight,C__,Editor,/Users/tigerfriend/C++/main.cpp,,16,14,Changes
2023-03-13T17:12:31.290+09:00,tigerfriend,Action,Run,C__,Editor,/Users/tigerfriend/C++/main.cpp,,15,28,Changes
2023-03-13T17:13:08.075+09:00,tigerfriend,Action,EditorBackSpace,C__,Editor,/Users/tigerfriend/C++/main.cpp,,16,16,Changes
2023-03-13T17:13:12.094+09:00,tigerfriend,Action,Run,C__,Editor,/Users/tigerfriend/C++/main.cpp,,16,18,Changes
2023-03-13T17:13:12.856+09:00,tigerfriend,Execution,Run:'CMake Application: C__':/Users/tigerfriend/C++/cmake-build-debug/C__,C__,Editor,/Users/tigerfriend/C++/main.cpp,,16,18,Changes
2023-03-13T17:13:38.439+09:00,tigerfriend,Action,EditorBackSpace,C__,Editor,/Users/tigerfriend/C++/main.cpp,,16,17,Changes
2023-03-13T17:13:39.586+09:00,tigerfriend,Action,EditorBackSpace,C__,Editor,/Users/tigerfriend/C++/main.cpp,,16,17,Changes
2023-03-13T17:13:41.966+09:00,tigerfriend,Action,Run,C__,Editor,/Users/tigerfriend/C++/main.cpp,,16,20,Changes
2023-03-13T17:13:42.746+09:00,tigerfriend,Execution,Run:'CMake Application: C__':/Users/tigerfriend/C++/cmake-build-debug/C__,C__,Editor,/Users/tigerfriend/C++/main.cpp,,16,20,Changes
2023-03-13T17:14:17.601+09:00,tigerfriend,Action,EditorBackSpace,C__,Editor,/Users/tigerfriend/C++/main.cpp,,13,8,Changes
2023-03-13T17:14:19.572+09:00,tigerfriend,Action,EditorBackSpace,C__,Editor,/Users/tigerfriend/C++/main.cpp,,13,11,Changes
2023-03-13T17:14:19.693+09:00,tigerfriend,Action,EditorBackSpace,C__,Editor,/Users/tigerfriend/C++/main.cpp,,13,10,Changes
2023-03-13T17:14:19.932+09:00,tigerfriend,Action,EditorBackSpace,C__,Editor,/Users/tigerfriend/C++/main.cpp,,13,9,Changes
2023-03-13T17:14:21.501+09:00,tigerfriend,Action,EditorBackSpace,C__,Editor,/Users/tigerfriend/C++/main.cpp,,13,10,Changes
2023-03-13T17:14:21.612+09:00,tigerfriend,Action,EditorBackSpace,C__,Editor,/Users/tigerfriend/C++/main.cpp,,13,9,Changes
2023-03-13T17:14:25.461+09:00,tigerfriend,Action,EditorBackSpace,C__,Editor,/Users/tigerfriend/C++/main.cpp,,13,13,Changes
2023-03-13T17:14:28.866+09:00,tigerfriend,Action,EditorEnter,C__,Editor,/Users/tigerfriend/C++/main.cpp,,13,14,Changes
2023-03-13T17:14:30.014+09:00,tigerfriend,Action,EditorBackSpace,C__,Editor,/Users/tigerfriend/C++/main.cpp,,14,10,Changes
2023-03-13T17:14:30.109+09:00,tigerfriend,Action,EditorBackSpace,C__,Editor,/Users/tigerfriend/C++/main.cpp,,14,9,Changes
2023-03-13T17:14:37.133+09:00,tigerfriend,Action,EditorBackSpace,C__,Editor,/Users/tigerfriend/C++/main.cpp,,13,11,Changes
2023-03-13T17:14:37.260+09:00,tigerfriend,Action,EditorBackSpace,C__,Editor,/Users/tigerfriend/C++/main.cpp,,13,10,Changes
2023-03-13T17:14:37.572+09:00,tigerfriend,Action,EditorBackSpace,C__,Editor,/Users/tigerfriend/C++/main.cpp,,13,9,Changes
2023-03-13T17:14:48.635+09:00,tigerfriend,Action,EditorEnter,C__,Editor,/Users/tigerfriend/C++/main.cpp,,14,15,Changes
2023-03-13T17:14:57.363+09:00,tigerfriend,Action,EditorBackSpace,C__,Editor,/Users/tigerfriend/C++/main.cpp,,15,24,Changes
2023-03-13T17:14:57.750+09:00,tigerfriend,Action,EditorBackSpace,C__,Editor,/Users/tigerfriend/C++/main.cpp,,15,23,Changes
2023-03-13T17:15:13.657+09:00,tigerfriend,Action,EditorRight,C__,Editor,/Users/tigerfriend/C++/main.cpp,,15,30,Changes
2023-03-13T17:15:14.435+09:00,tigerfriend,Action,EditorLeft,C__,Editor,/Users/tigerfriend/C++/main.cpp,,15,31,Changes
2023-03-13T17:15:14.585+09:00,tigerfriend,Action,EditorLeft,C__,Editor,/Users/tigerfriend/C++/main.cpp,,15,30,Changes
2023-03-13T17:15:14.698+09:00,tigerfriend,Action,EditorLeft,C__,Editor,/Users/tigerfriend/C++/main.cpp,,15,29,Changes
2023-03-13T17:15:14.913+09:00,tigerfriend,Action,EditorLeft,C__,Editor,/Users/tigerfriend/C++/main.cpp,,15,28,Changes
2023-03-13T17:15:15.192+09:00,tigerfriend,Action,EditorRight,C__,Editor,/Users/tigerfriend/C++/main.cpp,,15,27,Changes
2023-03-13T17:15:15.467+09:00,tigerfriend,Action,EditorBackSpace,C__,Editor,/Users/tigerfriend/C++/main.cpp,,15,28,Changes
2023-03-13T17:15:15.594+09:00,tigerfriend,Action,EditorBackSpace,C__,Editor,/Users/tigerfriend/C++/main.cpp,,15,27,Changes
2023-03-13T17:15:15.956+09:00,tigerfriend,Action,EditorBackSpace,C__,Editor,/Users/tigerfriend/C++/main.cpp,,15,26,Changes
2023-03-13T17:15:18.069+09:00,tigerfriend,Action,EditorChooseLookupItem,C__,Editor,/Users/tigerfriend/C++/main.cpp,,15,29,Changes
2023-03-13T17:15:19.272+09:00,tigerfriend,Action,EditorRight,C__,Editor,/Users/tigerfriend/C++/main.cpp,,15,30,Changes
2023-03-13T17:15:20.641+09:00,tigerfriend,Action,EditorRight,C__,Editor,/Users/tigerfriend/C++/main.cpp,,15,31,Changes
2023-03-13T17:15:26.751+09:00,tigerfriend,Action,EditorEnter,C__,Editor,/Users/tigerfriend/C++/main.cpp,,15,38,Changes
2023-03-13T17:15:29.512+09:00,tigerfriend,Action,EditorCut,C__,Editor,/Users/tigerfriend/C++/main.cpp,,18,8,Changes
2023-03-13T17:15:30.239+09:00,tigerfriend,Action,EditorPaste,C__,Editor,/Users/tigerfriend/C++/main.cpp,,16,12,Changes
2023-03-13T17:15:37.615+09:00,tigerfriend,Action,EditorBackSpace,C__,Editor,/Users/tigerfriend/C++/main.cpp,,16,30,Changes
2023-03-13T17:15:42.804+09:00,tigerfriend,Action,EditorBackSpace,C__,Editor,/Users/tigerfriend/C++/main.cpp,,17,24,Changes
2023-03-13T17:15:42.988+09:00,tigerfriend,Action,EditorBackSpace,C__,Editor,/Users/tigerfriend/C++/main.cpp,,17,23,Changes
2023-03-13T17:15:43.216+09:00,tigerfriend,Action,EditorBackSpace,C__,Editor,/Users/tigerfriend/C++/main.cpp,,17,22,Changes
2023-03-13T17:15:43.522+09:00,tigerfriend,Action,EditorBackSpace,C__,Editor,/Users/tigerfriend/C++/main.cpp,,17,21,Changes
2023-03-13T17:15:53.339+09:00,tigerfriend,Action,EditorBackSpace,C__,Editor,/Users/tigerfriend/C++/main.cpp,,17,21,Changes
2023-03-13T17:16:10.585+09:00,tigerfriend,Action,Run,C__,Editor,/Users/tigerfriend/C++/main.cpp,,17,29,Changes
2023-03-13T17:16:11.392+09:00,tigerfriend,Execution,Run:'CMake Application: C__':/Users/tigerfriend/C++/cmake-build-debug/C__,C__,Editor,/Users/tigerfriend/C++/main.cpp,,17,29,Changes
2023-03-13T17:16:54.286+09:00,tigerfriend,Action,EditorBackSpace,C__,Editor,/Users/tigerfriend/C++/main.cpp,,13,16,Changes
2023-03-13T17:17:00.463+09:00,tigerfriend,Action,EditorBackSpace,C__,Editor,/Users/tigerfriend/C++/main.cpp,,14,13,Changes
2023-03-13T17:17:01.786+09:00,tigerfriend,Action,EditorChooseLookupItem,C__,Editor,/Users/tigerfriend/C++/main.cpp,,14,14,Changes
2023-03-13T17:17:24.463+09:00,tigerfriend,Action,EditorBackSpace,C__,Editor,/Users/tigerfriend/C++/main.cpp,,15,31,Changes
2023-03-13T17:17:35.008+09:00,tigerfriend,Action,EditorLeft,C__,Editor,/Users/tigerfriend/C++/main.cpp,,16,32,Changes
2023-03-13T17:17:35.133+09:00,tigerfriend,Action,EditorLeft,C__,Editor,/Users/tigerfriend/C++/main.cpp,,16,31,Changes
2023-03-13T17:17:35.330+09:00,tigerfriend,Action,EditorLeft,C__,Editor,/Users/tigerfriend/C++/main.cpp,,16,30,Changes
2023-03-13T17:17:37.931+09:00,tigerfriend,Action,EditorRight,C__,Editor,/Users/tigerfriend/C++/main.cpp,,16,34,Changes
2023-03-13T17:17:46.531+09:00,tigerfriend,Action,Run,C__,Editor,/Users/tigerfriend/C++/main.cpp,,17,29,Changes
2023-03-13T17:17:47.267+09:00,tigerfriend,Execution,Run:'CMake Application: C__':/Users/tigerfriend/C++/cmake-build-debug/C__,C__,Editor,/Users/tigerfriend/C++/main.cpp,,17,29,Changes
2023-03-13T17:17:53.479+09:00,tigerfriend,Action,EditorBackSpace,C__,Editor,/Users/tigerfriend/C++/main.cpp,,12,21,Changes
2023-03-13T17:18:00.104+09:00,tigerfriend,Action,Run,C__,Editor,/Users/tigerfriend/C++/main.cpp,,12,20,Changes
2023-03-13T17:18:02.096+09:00,tigerfriend,Execution,Run:'CMake Application: C__':/Users/tigerfriend/C++/cmake-build-debug/C__,C__,Editor,/Users/tigerfriend/C++/main.cpp,,12,20,Changes
2023-03-13T17:18:15.973+09:00,tigerfriend,Action,ToggleLineBreakpoint,C__,Editor,/Users/tigerfriend/C++/main.cpp,,12,20,Changes
2023-03-13T17:18:18.503+09:00,tigerfriend,Action,Debug,C__,Editor,/Users/tigerfriend/C++/main.cpp,,13,7,Changes
2023-03-13T17:18:18.784+09:00,tigerfriend,Execution,Debug:'CMake Application: C__':,C__,Editor,/Users/tigerfriend/C++/main.cpp,,13,7,Changes
2023-03-13T17:18:30.131+09:00,tigerfriend,Action,ToggleLineBreakpoint,C__,Editor,/Users/tigerfriend/C++/main.cpp,,13,7,Changes
2023-03-13T17:18:34.676+09:00,tigerfriend,Execution,Debug:'CMake Application: C__':,C__,Editor,/Users/tigerfriend/C++/main.cpp,,13,7,Changes
2023-03-13T17:18:57.555+09:00,tigerfriend,Action,StepInto,C__,Debug,/Users/tigerfriend/C++/main.cpp,,8,0,Changes
2023-03-13T17:19:09.052+09:00,tigerfriend,Action,StepInto,C__,Debug,/Users/tigerfriend/C++/main.cpp,,9,0,Changes
2023-03-13T17:19:21.996+09:00,tigerfriend,Action,StepInto,C__,Debug,/Users/tigerfriend/C++/main.cpp,,10,0,Changes
2023-03-13T17:19:24.468+09:00,tigerfriend,Action,StepInto,C__,Debug,/Users/tigerfriend/C++/main.cpp,,11,0,Changes
2023-03-13T17:19:28.223+09:00,tigerfriend,Action,StepInto,C__,Debug,/Users/tigerfriend/C++/main.cpp,,12,0,Changes
2023-03-13T17:19:33.597+09:00,tigerfriend,Action,EditorBackSpace,C__,Editor,/Users/tigerfriend/C++/main.cpp,,10,22,Changes
2023-03-13T17:19:33.877+09:00,tigerfriend,Action,EditorBackSpace,C__,Editor,/Users/tigerfriend/C++/main.cpp,,9,4,Changes
2023-03-13T17:19:35.888+09:00,tigerfriend,Action,SaveAll,C__,Editor,/Users/tigerfriend/C++/main.cpp,,2,17,Changes
2023-03-13T17:19:37.793+09:00,tigerfriend,Action,Stop,C__,Editor,/Users/tigerfriend/C++/main.cpp,,2,17,Changes
2023-03-13T17:19:43.078+09:00,tigerfriend,Action,Run,C__,Editor,/Users/tigerfriend/C++/main.cpp,,2,17,Changes
2023-03-13T17:19:43.847+09:00,tigerfriend,Execution,Run:'CMake Application: C__':/Users/tigerfriend/C++/cmake-build-debug/C__,C__,Editor,/Users/tigerfriend/C++/main.cpp,,2,17,Changes
2023-03-13T17:19:53.016+09:00,tigerfriend,Action,Run,C__,Editor,/Users/tigerfriend/C++/main.cpp,,2,17,Changes
2023-03-13T17:19:53.294+09:00,tigerfriend,Execution,Run:'CMake Application: C__':/Users/tigerfriend/C++/cmake-build-debug/C__,C__,Editor,/Users/tigerfriend/C++/main.cpp,,2,17,Changes
2023-03-13T17:20:06.603+09:00,tigerfriend,Action,Debug,C__,Editor,/Users/tigerfriend/C++/main.cpp,,2,17,Changes
2023-03-13T17:20:06.869+09:00,tigerfriend,Execution,Debug:'CMake Application: C__':,C__,Editor,/Users/tigerfriend/C++/main.cpp,,2,17,Changes
2023-03-13T17:20:10.452+09:00,tigerfriend,Action,Stop,C__,Editor,/Users/tigerfriend/C++/main.cpp,,2,17,Changes
2023-03-13T17:20:12.305+09:00,tigerfriend,Action,ToggleLineBreakpoint,C__,Editor,/Users/tigerfriend/C++/main.cpp,,7,0,Changes
2023-03-13T17:20:13.489+09:00,tigerfriend,Action,Debug,C__,Editor,/Users/tigerfriend/C++/main.cpp,,7,0,Changes
2023-03-13T17:20:13.703+09:00,tigerfriend,Execution,Debug:'CMake Application: C__':,C__,Editor,/Users/tigerfriend/C++/main.cpp,,7,0,Changes
2023-03-13T17:20:23.291+09:00,tigerfriend,Action,StepInto,C__,Debug,/Users/tigerfriend/C++/main.cpp,,8,0,Changes
2023-03-13T17:20:25.500+09:00,tigerfriend,Action,StepInto,C__,Debug,/Users/tigerfriend/C++/main.cpp,,9,0,Changes
2023-03-13T17:20:30.707+09:00,tigerfriend,Action,StepInto,C__,Debug,/Users/tigerfriend/C++/main.cpp,,10,0,Changes
2023-03-13T17:20:33.999+09:00,tigerfriend,Action,StepInto,C__,Debug,/Users/tigerfriend/C++/main.cpp,,11,0,Changes
2023-03-13T17:20:42.066+09:00,tigerfriend,Action,StepInto,C__,Debug,/Users/tigerfriend/C++/main.cpp,,12,0,Changes
2023-03-13T17:20:51.871+09:00,tigerfriend,Action,StepInto,C__,Debug,/Users/tigerfriend/C++/main.cpp,,13,0,Changes
2023-03-13T17:20:57.566+09:00,tigerfriend,Action,StepInto,C__,Debug,/Users/tigerfriend/C++/main.cpp,,14,0,Changes
2023-03-13T17:23:07.964+09:00,tigerfriend,Action,Run,C__,Editor,/Users/tigerfriend/C++/main.cpp,,12,26,Changes
2023-03-13T17:23:10.244+09:00,tigerfriend,Execution,Run:'CMake Application: C__':/Users/tigerfriend/C++/cmake-build-debug/C__,C__,Editor,/Users/tigerfriend/C++/main.cpp,,12,26,Changes
2023-03-13T17:24:00.979+09:00,tigerfriend,Action,$Undo,C__,Editor,/Users/tigerfriend/C++/main.cpp,,9,26,Changes
2023-03-13T17:24:01.595+09:00,tigerfriend,Action,EditorRight,C__,Editor,/Users/tigerfriend/C++/main.cpp,,9,27,Changes
2023-03-13T17:24:17.878+09:00,tigerfriend,Action,Run,C__,Editor,/Users/tigerfriend/C++/main.cpp,,14,38,Changes
2023-03-13T17:24:47.284+09:00,tigerfriend,Action,EditorLeft,C__,Editor,/Users/tigerfriend/C++/main.cpp,,9,31,Changes
2023-03-13T17:24:47.627+09:00,tigerfriend,Action,EditorBackSpace,C__,Editor,/Users/tigerfriend/C++/main.cpp,,9,30,Changes
2023-03-13T17:24:47.739+09:00,tigerfriend,Action,EditorBackSpace,C__,Editor,/Users/tigerfriend/C++/main.cpp,,9,29,Changes
2023-03-13T17:24:48.075+09:00,tigerfriend,Action,EditorBackSpace,C__,Editor,/Users/tigerfriend/C++/main.cpp,,9,28,Changes
2023-03-13T17:24:57.592+09:00,tigerfriend,Action,Run,C__,Editor,/Users/tigerfriend/C++/main.cpp,,16,9,Changes
2023-03-13T17:24:58.251+09:00,tigerfriend,Execution,Run:'CMake Application: C__':/Users/tigerfriend/C++/cmake-build-debug/C__,C__,Editor,/Users/tigerfriend/C++/main.cpp,,16,9,Changes
2023-03-13T17:25:04.389+09:00,tigerfriend,Action,Run,C__,Editor,/Users/tigerfriend/C++/main.cpp,,16,9,Changes
2023-03-13T17:25:04.651+09:00,tigerfriend,Execution,Run:'CMake Application: C__':/Users/tigerfriend/C++/cmake-build-debug/C__,C__,Editor,/Users/tigerfriend/C++/main.cpp,,16,9,Changes
2023-03-13T17:25:40.574+09:00,tigerfriend,Action,Run,C__,Editor,/Users/tigerfriend/C++/main.cpp,,10,21,Changes
2023-03-13T17:25:40.854+09:00,tigerfriend,Execution,Run:'CMake Application: C__':/Users/tigerfriend/C++/cmake-build-debug/C__,C__,Editor,/Users/tigerfriend/C++/main.cpp,,10,21,Changes
2023-03-13T17:27:03.731+09:00,tigerfriend,Action,Run,C__,Editor,/Users/tigerfriend/C++/main.cpp,,15,29,Changes
2023-03-13T17:27:08.478+09:00,tigerfriend,Action,ToggleLineBreakpoint,C__,Editor,/Users/tigerfriend/C++/main.cpp,,7,0,Changes
2023-03-13T17:27:10.258+09:00,tigerfriend,Action,Debug,C__,Editor,/Users/tigerfriend/C++/main.cpp,,7,0,Changes
2023-03-13T17:27:11.485+09:00,tigerfriend,Execution,Debug:'CMake Application: C__':,C__,Editor,/Users/tigerfriend/C++/main.cpp,,7,0,Changes
2023-03-13T17:27:22.767+09:00,tigerfriend,Action,StepInto,C__,Debug,/Users/tigerfriend/C++/main.cpp,,8,0,Changes
2023-03-13T17:27:24.543+09:00,tigerfriend,Action,StepInto,C__,Debug,/Users/tigerfriend/C++/main.cpp,,9,0,Changes
2023-03-13T17:27:25.990+09:00,tigerfriend,Action,StepInto,C__,Debug,/Users/tigerfriend/C++/main.cpp,,10,0,Changes
2023-03-13T17:27:26.833+09:00,tigerfriend,Action,StepInto,C__,Debug,/Users/tigerfriend/C++/main.cpp,,11,0,Changes
2023-03-13T17:27:36.655+09:00,tigerfriend,Action,StepInto,C__,Debug,/Users/tigerfriend/C++/main.cpp,,12,0,Changes
2023-03-13T17:27:57.426+09:00,tigerfriend,Action,StepInto,C__,Debug,/Users/tigerfriend/C++/main.cpp,,13,0,Changes
2023-03-13T17:27:58.983+09:00,tigerfriend,Action,StepInto,C__,Debug,/Users/tigerfriend/C++/main.cpp,,14,0,Changes
2023-03-13T17:28:01.731+09:00,tigerfriend,Action,StepInto,C__,Debug,/Users/tigerfriend/C++/main.cpp,,15,0,Changes
2023-03-13T17:28:12.485+09:00,tigerfriend,Action,Stop,C__,Debug,/Users/tigerfriend/C++/main.cpp,,16,0,Changes
2023-03-13T17:28:16.034+09:00,tigerfriend,Action,EditorRight,C__,Editor,/Users/tigerfriend/C++/main.cpp,,15,25,Changes
2023-03-13T17:28:19.831+09:00,tigerfriend,Action,Run,C__,Editor,/Users/tigerfriend/C++/main.cpp,,15,27,Changes
2023-03-13T17:28:20.666+09:00,tigerfriend,Execution,Run:'CMake Application: C__':/Users/tigerfriend/C++/cmake-build-debug/C__,C__,Editor,/Users/tigerfriend/C++/main.cpp,,15,27,Changes
2023-03-13T17:28:50.742+09:00,tigerfriend,Action,Run,C__,Editor,/Users/tigerfriend/C++/main.cpp,,10,21,Changes
2023-03-13T17:28:51.360+09:00,tigerfriend,Execution,Run:'CMake Application: C__':/Users/tigerfriend/C++/cmake-build-debug/C__,C__,Editor,/Users/tigerfriend/C++/main.cpp,,10,21,Changes
2023-03-13T17:28:57.041+09:00,tigerfriend,Action,EditorBackSpace,C__,Editor,/Users/tigerfriend/C++/main.cpp,,10,21,Changes
2023-03-13T17:29:23.373+09:00,tigerfriend,Action,Run,C__,Editor,/Users/tigerfriend/C++/main.cpp,,10,20,Changes
2023-03-13T17:29:25.307+09:00,tigerfriend,Execution,Run:'CMake Application: C__':/Users/tigerfriend/C++/cmake-build-debug/C__,C__,Editor,/Users/tigerfriend/C++/main.cpp,,10,20,Changes
2023-03-13T17:30:16.954+09:00,tigerfriend,Action,ToggleLineBreakpoint,C__,Editor,/Users/tigerfriend/C++/main.cpp,,10,20,Changes
2023-03-13T17:30:19.242+09:00,tigerfriend,Action,ToggleLineBreakpoint,C__,Editor,/Users/tigerfriend/C++/main.cpp,,10,20,Changes
2023-03-13T17:30:22.447+09:00,tigerfriend,Action,Debug,C__,Editor,/Users/tigerfriend/C++/main.cpp,,10,20,Changes
2023-03-13T17:30:22.759+09:00,tigerfriend,Execution,Debug:'CMake Application: C__':,C__,Editor,/Users/tigerfriend/C++/main.cpp,,10,20,Changes
2023-03-13T17:30:30.997+09:00,tigerfriend,Action,StepInto,C__,Debug,/Users/tigerfriend/C++/main.cpp,,8,0,Changes
2023-03-13T17:30:32.632+09:00,tigerfriend,Action,StepInto,C__,Debug,/Users/tigerfriend/C++/main.cpp,,9,0,Changes
2023-03-13T17:30:33.886+09:00,tigerfriend,Action,StepInto,C__,Debug,/Users/tigerfriend/C++/main.cpp,,10,0,Changes
2023-03-13T17:30:35.068+09:00,tigerfriend,Action,StepInto,C__,Debug,/Users/tigerfriend/C++/main.cpp,,11,0,Changes
2023-03-13T17:30:45.971+09:00,tigerfriend,Action,StepInto,C__,Debug,/Users/tigerfriend/C++/main.cpp,,12,0,Changes
2023-03-13T17:31:36.254+09:00,tigerfriend,Action,Run,C__,Editor,/Users/tigerfriend/C++/main.cpp,,17,0,Changes
2023-03-13T17:31:38.623+09:00,tigerfriend,Execution,Run:'CMake Application: C__':/Users/tigerfriend/C++/cmake-build-debug/C__,C__,Editor,/Users/tigerfriend/C++/main.cpp,,17,0,Changes
2023-03-13T17:31:54.909+09:00,tigerfriend,Action,EditorBackSpace,C__,Editor,/Users/tigerfriend/C++/main.cpp,,13,25,Changes
2023-03-13T17:32:18.435+09:00,tigerfriend,Action,EditorBackSpace,C__,Editor,/Users/tigerfriend/C++/main.cpp,,11,15,Changes
2023-03-13T17:32:18.582+09:00,tigerfriend,Action,EditorBackSpace,C__,Editor,/Users/tigerfriend/C++/main.cpp,,11,14,Changes
2023-03-13T17:32:18.683+09:00,tigerfriend,Action,EditorBackSpace,C__,Editor,/Users/tigerfriend/C++/main.cpp,,11,13,Changes
2023-03-13T17:32:18.804+09:00,tigerfriend,Action,EditorBackSpace,C__,Editor,/Users/tigerfriend/C++/main.cpp,,11,12,Changes
2023-03-13T17:32:18.914+09:00,tigerfriend,Action,EditorBackSpace,C__,Editor,/Users/tigerfriend/C++/main.cpp,,11,11,Changes
2023-03-13T17:32:19.031+09:00,tigerfriend,Action,EditorBackSpace,C__,Editor,/Users/tigerfriend/C++/main.cpp,,11,10,Changes
2023-03-13T17:32:19.228+09:00,tigerfriend,Action,EditorBackSpace,C__,Editor,/Users/tigerfriend/C++/main.cpp,,11,9,Changes
2023-03-13T17:32:23.164+09:00,tigerfriend,Action,EditorEnter,C__,Editor,/Users/tigerfriend/C++/main.cpp,,11,16,Changes
2023-03-13T17:32:27.992+09:00,tigerfriend,Action,EditorEnter,C__,Editor,/Users/tigerfriend/C++/main.cpp,,12,17,Changes
2023-03-13T17:33:16.946+09:00,tigerfriend,Action,$Undo,C__,Editor,/Users/tigerfriend/C++/main.cpp,,13,8,Changes
2023-03-13T17:33:17.482+09:00,tigerfriend,Action,$Undo,C__,Editor,/Users/tigerfriend/C++/main.cpp,,12,17,Changes
2023-03-13T17:33:17.847+09:00,tigerfriend,Action,$Undo,C__,Editor,/Users/tigerfriend/C++/main.cpp,,12,8,Changes
2023-03-13T17:33:18.219+09:00,tigerfriend,Action,$Undo,C__,Editor,/Users/tigerfriend/C++/main.cpp,,11,16,Changes
2023-03-13T17:33:18.608+09:00,tigerfriend,Action,$Undo,C__,Editor,/Users/tigerfriend/C++/main.cpp,,11,8,Changes
2023-03-13T17:33:19.031+09:00,tigerfriend,Action,$Undo,C__,Editor,/Users/tigerfriend/C++/main.cpp,,11,15,Changes
2023-03-13T17:34:05.549+09:00,tigerfriend,Action,Run,C__,Editor,/Users/tigerfriend/C++/main.cpp,,10,21,Changes
2023-03-13T17:34:06.443+09:00,tigerfriend,Execution,Run:'CMake Application: C__':/Users/tigerfriend/C++/cmake-build-debug/C__,C__,Editor,/Users/tigerfriend/C++/main.cpp,,10,21,Changes
2023-03-13T17:34:07.618+09:00,tigerfriend,Action,SaveAll,C__,Editor,/Users/tigerfriend/C++/main.cpp,,15,35,Changes
2023-03-13T17:34:08.608+09:00,tigerfriend,Action,Stop,C__,Editor,/Users/tigerfriend/C++/main.cpp,,15,35,Changes
2023-03-13T17:34:09.212+09:00,tigerfriend,Action,Run,C__,Editor,/Users/tigerfriend/C++/main.cpp,,15,35,Changes
2023-03-13T17:34:09.470+09:00,tigerfriend,Execution,Run:'CMake Application: C__':/Users/tigerfriend/C++/cmake-build-debug/C__,C__,Editor,/Users/tigerfriend/C++/main.cpp,,15,35,Changes
2023-03-13T17:34:36.989+09:00,tigerfriend,Action,ToggleLineBreakpoint,C__,Editor,/Users/tigerfriend/C++/main.cpp,,11,0,Changes
2023-03-13T17:34:39.953+09:00,tigerfriend,Action,Run,C__,Editor,/Users/tigerfriend/C++/main.cpp,,11,0,Changes
2023-03-13T17:34:40.250+09:00,tigerfriend,Execution,Run:'CMake Application: C__':/Users/tigerfriend/C++/cmake-build-debug/C__,C__,Editor,/Users/tigerfriend/C++/main.cpp,,11,0,Changes
2023-03-13T17:34:56.609+09:00,tigerfriend,Action,ToggleLineBreakpoint,C__,Editor,/Users/tigerfriend/C++/main.cpp,,11,0,Changes
2023-03-13T17:35:01.110+09:00,tigerfriend,Execution,Debug:'CMake Application: C__':,C__,Editor,/Users/tigerfriend/C++/main.cpp,,6,0,Changes
2023-03-13T17:35:11.144+09:00,tigerfriend,Action,StepInto,C__,Debug,/Users/tigerfriend/C++/main.cpp,,11,0,Changes
2023-03-13T17:35:11.657+09:00,tigerfriend,Action,StepInto,C__,Debug,/Users/tigerfriend/C++/main.cpp,,12,0,Changes
2023-03-13T17:35:12.474+09:00,tigerfriend,Action,StepInto,C__,Debug,/Users/tigerfriend/C++/main.cpp,,13,0,Changes
2023-03-13T17:37:21.532+09:00,tigerfriend,Action,Stop,C__,Editor,/Users/tigerfriend/C++/main.cpp,,13,14,Changes
2023-03-13T17:37:23.469+09:00,tigerfriend,Action,ToggleLineBreakpoint,C__,Editor,/Users/tigerfriend/C++/main.cpp,,13,14,Changes
2023-03-13T17:37:25.309+09:00,tigerfriend,Action,ToggleLineBreakpoint,C__,Editor,/Users/tigerfriend/C++/main.cpp,,7,0,Changes
2023-03-13T17:37:26.773+09:00,tigerfriend,Action,Debug,C__,Editor,/Users/tigerfriend/C++/main.cpp,,7,0,Changes
2023-03-13T17:37:27.041+09:00,tigerfriend,Execution,Debug:'CMake Application: C__':,C__,Editor,/Users/tigerfriend/C++/main.cpp,,7,0,Changes
2023-03-13T17:37:35.056+09:00,tigerfriend,Action,StepInto,C__,Debug,/Users/tigerfriend/C++/main.cpp,,10,0,Changes
2023-03-13T17:37:36.318+09:00,tigerfriend,Action,StepInto,C__,Debug,/Users/tigerfriend/C++/main.cpp,,11,0,Changes
2023-03-13T17:37:38.497+09:00,tigerfriend,Action,StepInto,C__,Debug,/Users/tigerfriend/C++/main.cpp,,12,0,Changes
2023-03-13T17:37:42.291+09:00,tigerfriend,Action,ToggleLineBreakpoint,C__,Editor,/Users/tigerfriend/C++/main.cpp,,13,0,Changes
2023-03-13T17:37:44.457+09:00,tigerfriend,Action,Debug,C__,Editor,/Users/tigerfriend/C++/main.cpp,,13,0,Changes
2023-03-13T17:37:46.528+09:00,tigerfriend,Execution,Debug:'CMake Application: C__':,C__,Editor,/Users/tigerfriend/C++/main.cpp,,13,0,Changes
2023-03-13T17:38:11.286+09:00,tigerfriend,Action,StepInto,C__,Editor,/Users/tigerfriend/C++/main.cpp,,12,22,Changes
2023-03-13T17:38:13.389+09:00,tigerfriend,Action,StepInto,C__,Editor,/Users/tigerfriend/C++/main.cpp,,18,0,Changes
2023-03-13T17:38:14.812+09:00,tigerfriend,Action,StepInto,C__,Editor,/Users/tigerfriend/C++/main.cpp,,10,0,Changes
2023-03-13T17:38:16.219+09:00,tigerfriend,Action,StepInto,C__,Editor,/Users/tigerfriend/C++/main.cpp,,11,0,Changes
2023-03-13T17:38:19.030+09:00,tigerfriend,Action,StepInto,C__,Editor,/Users/tigerfriend/C++/main.cpp,,12,0,Changes
2023-03-13T17:38:32.775+09:00,tigerfriend,Action,Stop,C__,Editor,/Users/tigerfriend/C++/main.cpp,,12,0,Changes
2023-03-13T17:38:37.499+09:00,tigerfriend,Action,EditorLeft,C__,Editor,/Users/tigerfriend/C++/main.cpp,,11,20,Changes
2023-03-13T17:38:43.291+09:00,tigerfriend,Action,EditorBackSpace,C__,Editor,/Users/tigerfriend/C++/main.cpp,,11,21,Changes
2023-03-13T17:38:49.541+09:00,tigerfriend,Action,EditorLeft,C__,Editor,/Users/tigerfriend/C++/main.cpp,,11,23,Changes
2023-03-13T17:38:49.963+09:00,tigerfriend,Action,EditorBackSpace,C__,Editor,/Users/tigerfriend/C++/main.cpp,,11,22,Changes
2023-03-13T17:38:52.922+09:00,tigerfriend,Action,Debug,C__,Editor,/Users/tigerfriend/C++/main.cpp,,13,40,Changes
2023-03-13T17:38:53.626+09:00,tigerfriend,Execution,Debug:'CMake Application: C__':,C__,Editor,/Users/tigerfriend/C++/main.cpp,,13,40,Changes
2023-03-13T17:39:23.012+09:00,tigerfriend,Action,ToggleLineBreakpoint,C__,Editor,/Users/tigerfriend/C++/main.cpp,,13,40,Changes
2023-03-13T17:39:24.505+09:00,tigerfriend,Action,Debug,C__,Editor,/Users/tigerfriend/C++/main.cpp,,13,40,Changes
2023-03-13T17:39:24.753+09:00,tigerfriend,Execution,Debug:'CMake Application: C__':,C__,Editor,/Users/tigerfriend/C++/main.cpp,,13,40,Changes
2023-03-13T17:39:31.688+09:00,tigerfriend,Action,StepInto,C__,Debug,/Users/tigerfriend/C++/main.cpp,,13,0,Changes
2023-03-13T17:39:33.407+09:00,tigerfriend,Action,StepInto,C__,Debug,/Users/tigerfriend/C++/main.cpp,,18,0,Changes
2023-03-13T17:39:34.725+09:00,tigerfriend,Action,StepInto,C__,Debug,/Users/tigerfriend/C++/main.cpp,,10,0,Changes
2023-03-13T17:39:36.364+09:00,tigerfriend,Action,StepInto,C__,Debug,/Users/tigerfriend/C++/main.cpp,,11,0,Changes
2023-03-13T17:39:38.076+09:00,tigerfriend,Action,StepInto,C__,Debug,/Users/tigerfriend/C++/main.cpp,,12,0,Changes
2023-03-13T17:39:48.539+09:00,tigerfriend,Action,StepInto,C__,Debug,/Users/tigerfriend/C++/main.cpp,,13,0,Changes
2023-03-13T17:39:50.121+09:00,tigerfriend,Action,StepInto,C__,Debug,/Users/tigerfriend/C++/main.cpp,,14,0,Changes
2023-03-13T17:40:32.804+09:00,tigerfriend,Action,EditorEnter,C__,Editor,/Users/tigerfriend/C++/main.cpp,,16,9,Changes
2023-03-13T17:40:33.318+09:00,tigerfriend,Action,EditorBackSpace,C__,Editor,/Users/tigerfriend/C++/main.cpp,,17,8,Changes
2023-03-13T17:40:34.205+09:00,tigerfriend,Action,EditorEnter,C__,Editor,/Users/tigerfriend/C++/main.cpp,,16,9,Changes
2023-03-13T17:40:34.670+09:00,tigerfriend,Action,EditorBackSpace,C__,Editor,/Users/tigerfriend/C++/main.cpp,,17,8,Changes
2023-03-13T17:40:35.130+09:00,tigerfriend,Action,EditorEnter,C__,Editor,/Users/tigerfriend/C++/main.cpp,,16,9,Changes
2023-03-13T17:40:40.123+09:00,tigerfriend,Action,EditorBackSpace,C__,Editor,/Users/tigerfriend/C++/main.cpp,,17,8,Changes
2023-03-13T17:40:46.366+09:00,tigerfriend,Action,EditorBackSpace,C__,Editor,/Users/tigerfriend/C++/main.cpp,,17,0,Changes
2023-03-13T17:40:48.775+09:00,tigerfriend,Action,EditorEnter,C__,Editor,/Users/tigerfriend/C++/main.cpp,,17,5,Changes
2023-03-13T17:41:08.500+09:00,tigerfriend,Action,EditorBackSpace,C__,Editor,/Users/tigerfriend/C++/main.cpp,,18,22,Changes
2023-03-13T17:41:11.625+09:00,tigerfriend,Action,EditorRight,C__,Editor,/Users/tigerfriend/C++/main.cpp,,18,26,Changes
2023-03-13T17:41:12.387+09:00,tigerfriend,Action,EditorEnter,C__,Editor,/Users/tigerfriend/C++/main.cpp,,18,28,Changes
2023-03-13T17:41:35.649+09:00,tigerfriend,Action,EditorEnter,C__,Editor,/Users/tigerfriend/C++/main.cpp,,19,8,Changes
2023-03-13T17:41:36.217+09:00,tigerfriend,Action,EditorUp,C__,Editor,/Users/tigerfriend/C++/main.cpp,,20,8,Changes
2023-03-13T17:41:39.234+09:00,tigerfriend,Action,EditorBackSpace,C__,Editor,/Users/tigerfriend/C++/main.cpp,,19,10,Changes
2023-03-13T17:41:39.584+09:00,tigerfriend,Action,EditorBackSpace,C__,Editor,/Users/tigerfriend/C++/main.cpp,,19,9,Changes
2023-03-13T17:41:41.276+09:00,tigerfriend,Action,EditorBackSpace,C__,Editor,/Users/tigerfriend/C++/main.cpp,,19,11,Changes
2023-03-13T17:41:41.401+09:00,tigerfriend,Action,EditorBackSpace,C__,Editor,/Users/tigerfriend/C++/main.cpp,,19,10,Changes
2023-03-13T17:41:41.547+09:00,tigerfriend,Action,EditorBackSpace,C__,Editor,/Users/tigerfriend/C++/main.cpp,,19,9,Changes
2023-03-13T17:41:44.892+09:00,tigerfriend,Action,EditorBackSpace,C__,Editor,/Users/tigerfriend/C++/main.cpp,,19,18,Changes
2023-03-13T17:41:45.017+09:00,tigerfriend,Action,EditorBackSpace,C__,Editor,/Users/tigerfriend/C++/main.cpp,,19,17,Changes
2023-03-13T17:41:45.189+09:00,tigerfriend,Action,EditorBackSpace,C__,Editor,/Users/tigerfriend/C++/main.cpp,,19,16,Changes
2023-03-13T17:41:52.836+09:00,tigerfriend,Action,EditorBackSpace,C__,Editor,/Users/tigerfriend/C++/main.cpp,,11,22,Changes
2023-03-13T17:41:52.959+09:00,tigerfriend,Action,EditorBackSpace,C__,Editor,/Users/tigerfriend/C++/main.cpp,,11,21,Changes
2023-03-13T17:41:53.081+09:00,tigerfriend,Action,EditorBackSpace,C__,Editor,/Users/tigerfriend/C++/main.cpp,,11,20,Changes
2023-03-13T17:41:54.118+09:00,tigerfriend,Action,EditorBackSpace,C__,Editor,/Users/tigerfriend/C++/main.cpp,,19,20,Changes
2023-03-13T17:41:55.385+09:00,tigerfriend,Action,EditorEnter,C__,Editor,/Users/tigerfriend/C++/main.cpp,,19,20,Changes
2023-03-13T17:41:57.116+09:00,tigerfriend,Action,EditorBackSpace,C__,Editor,/Users/tigerfriend/C++/main.cpp,,20,12,Changes
2023-03-13T17:41:58.022+09:00,tigerfriend,Action,EditorBackSpace,C__,Editor,/Users/tigerfriend/C++/main.cpp,,20,15,Changes
2023-03-13T17:42:06.539+09:00,tigerfriend,Action,$Undo,C__,Editor,/Users/tigerfriend/C++/main.cpp,,18,6,Changes
2023-03-13T17:42:07.876+09:00,tigerfriend,Action,EditorBackSpace,C__,Editor,/Users/tigerfriend/C++/main.cpp,,22,5,Changes
2023-03-13T17:42:08.285+09:00,tigerfriend,Action,EditorBackSpace,C__,Editor,/Users/tigerfriend/C++/main.cpp,,18,4,Changes
2023-03-13T17:42:42.338+09:00,tigerfriend,Action,Stop,C__,Editor,/Users/tigerfriend/C++/main.cpp,,12,26,Changes
2023-03-13T17:42:47.868+09:00,tigerfriend,Action,Debug,C__,Editor,/Users/tigerfriend/C++/main.cpp,,12,26,Changes
2023-03-13T17:42:48.594+09:00,tigerfriend,Execution,Debug:'CMake Application: C__':,C__,Editor,/Users/tigerfriend/C++/main.cpp,,12,26,Changes
2023-03-13T17:44:01.760+09:00,tigerfriend,Action,EditorEnter,C__,Editor,/Users/tigerfriend/C++/main.cpp,,5,0,Changes
2023-03-13T17:44:03.394+09:00,tigerfriend,Action,EditorBackSpace,C__,Editor,/Users/tigerfriend/C++/main.cpp,,6,1,Changes
2023-03-13T17:44:19.212+09:00,tigerfriend,Action,EditorBackSpace,C__,Editor,/Users/tigerfriend/C++/main.cpp,,19,1,Changes
2023-03-13T17:44:20.070+09:00,tigerfriend,Action,$Undo,C__,Editor,/Users/tigerfriend/C++/main.cpp,,0,0,Changes
2023-03-13T17:44:21.716+09:00,tigerfriend,Action,EditorBackSpace,C__,Editor,/Users/tigerfriend/C++/main.cpp,,6,0,Changes
2023-03-13T17:44:22.935+09:00,tigerfriend,Action,EditorEnter,C__,Editor,/Users/tigerfriend/C++/main.cpp,,11,26,Changes
2023-03-13T17:44:23.947+09:00,tigerfriend,Action,EditorBackSpace,C__,Editor,/Users/tigerfriend/C++/main.cpp,,12,10,Changes
2023-03-13T17:44:25.812+09:00,tigerfriend,Action,EditorBackSpace,C__,Editor,/Users/tigerfriend/C++/main.cpp,,12,10,Changes
2023-03-13T17:44:29.281+09:00,tigerfriend,Action,EditorDown,C__,Editor,/Users/tigerfriend/C++/main.cpp,,12,14,Changes
2023-03-13T17:44:29.440+09:00,tigerfriend,Action,EditorDown,C__,Editor,/Users/tigerfriend/C++/main.cpp,,12,14,Changes
2023-03-13T17:44:29.591+09:00,tigerfriend,Action,EditorDown,C__,Editor,/Users/tigerfriend/C++/main.cpp,,12,14,Changes
2023-03-13T17:44:29.834+09:00,tigerfriend,Action,EditorChooseLookupItem,C__,Editor,/Users/tigerfriend/C++/main.cpp,,12,14,Changes
2023-03-13T17:44:30.775+09:00,tigerfriend,Action,EditorBackSpace,C__,Editor,/Users/tigerfriend/C++/main.cpp,,12,22,Changes
2023-03-13T17:44:30.894+09:00,tigerfriend,Action,EditorBackSpace,C__,Editor,/Users/tigerfriend/C++/main.cpp,,12,21,Changes
2023-03-13T17:44:34.106+09:00,tigerfriend,Action,EditorLeft,C__,Editor,/Users/tigerfriend/C++/main.cpp,,12,25,Changes
2023-03-13T17:44:34.231+09:00,tigerfriend,Action,EditorLeft,C__,Editor,/Users/tigerfriend/C++/main.cpp,,12,24,Changes
2023-03-13T17:44:34.345+09:00,tigerfriend,Action,EditorLeft,C__,Editor,/Users/tigerfriend/C++/main.cpp,,12,23,Changes
2023-03-13T17:44:34.523+09:00,tigerfriend,Action,EditorLeft,C__,Editor,/Users/tigerfriend/C++/main.cpp,,12,22,Changes
2023-03-13T17:44:34.678+09:00,tigerfriend,Action,EditorLeft,C__,Editor,/Users/tigerfriend/C++/main.cpp,,12,21,Changes
2023-03-13T17:44:35.621+09:00,tigerfriend,Action,EditorLeft,C__,Editor,/Users/tigerfriend/C++/main.cpp,,12,22,Changes
2023-03-13T17:44:35.875+09:00,tigerfriend,Action,EditorLeft,C__,Editor,/Users/tigerfriend/C++/main.cpp,,12,21,Changes
2023-03-13T17:44:36.137+09:00,tigerfriend,Action,EditorRight,C__,Editor,/Users/tigerfriend/C++/main.cpp,,12,21,Changes
2023-03-13T17:44:36.262+09:00,tigerfriend,Action,EditorRight,C__,Editor,/Users/tigerfriend/C++/main.cpp,,12,22,Changes
2023-03-13T17:44:41.812+09:00,tigerfriend,Action,EditorLeft,C__,Editor,/Users/tigerfriend/C++/main.cpp,,12,26,Changes
2023-03-13T17:44:41.995+09:00,tigerfriend,Action,EditorRight,C__,Editor,/Users/tigerfriend/C++/main.cpp,,12,25,Changes
2023-03-13T17:44:42.260+09:00,tigerfriend,Action,EditorBackSpace,C__,Editor,/Users/tigerfriend/C++/main.cpp,,12,26,Changes
2023-03-13T17:44:42.367+09:00,tigerfriend,Action,EditorBackSpace,C__,Editor,/Users/tigerfriend/C++/main.cpp,,12,25,Changes
2023-03-13T17:44:42.638+09:00,tigerfriend,Action,EditorBackSpace,C__,Editor,/Users/tigerfriend/C++/main.cpp,,12,24,Changes
2023-03-13T17:45:41.976+09:00,tigerfriend,Action,$Undo,C__,Editor,/Users/tigerfriend/C++/main.cpp,,11,14,Changes
2023-03-13T17:51:29.613+09:00,tigerfriend,Action,EditorBackSpace,C__,Editor,/Users/tigerfriend/C++/main.cpp,,7,8,Changes
2023-03-13T17:51:40.143+09:00,tigerfriend,Action,EditorBackSpace,C__,Editor,/Users/tigerfriend/C++/main.cpp,,5,0,Changes
2023-03-13T17:51:41.784+09:00,tigerfriend,Action,EditorEnter,C__,Editor,/Users/tigerfriend/C++/main.cpp,,4,20,Changes
2023-03-13T17:51:42.974+09:00,tigerfriend,Action,$Undo,C__,Editor,/Users/tigerfriend/C++/main.cpp,,5,0,Changes
2023-03-13T17:51:43.456+09:00,tigerfriend,Action,$Undo,C__,Editor,/Users/tigerfriend/C++/main.cpp,,4,20,Changes
2023-03-13T17:51:43.858+09:00,tigerfriend,Action,$Undo,C__,Editor,/Users/tigerfriend/C++/main.cpp,,5,0,Changes
2023-03-13T17:51:44.305+09:00,tigerfriend,Action,$Undo,C__,Editor,/Users/tigerfriend/C++/main.cpp,,7,8,Changes
2023-03-13T17:51:44.839+09:00,tigerfriend,Action,$Undo,C__,Editor,/Users/tigerfriend/C++/main.cpp,,7,7,Changes
2023-03-13T17:51:45.216+09:00,tigerfriend,Action,$Undo,C__,Editor,/Users/tigerfriend/C++/main.cpp,,7,8,Changes
2023-03-13T17:51:46.619+09:00,tigerfriend,Action,$Undo,C__,Editor,/Users/tigerfriend/C++/main.cpp,,12,30,Changes
2023-03-13T17:51:47.036+09:00,tigerfriend,Action,$Undo,C__,Editor,/Users/tigerfriend/C++/main.cpp,,12,29,Changes
2023-03-13T17:51:47.366+09:00,tigerfriend,Action,$Undo,C__,Editor,/Users/tigerfriend/C++/main.cpp,,12,23,Changes
2023-03-13T17:51:52.189+09:00,tigerfriend,Action,EditorRight,C__,Editor,/Users/tigerfriend/C++/main.cpp,,5,9,Changes
2023-03-13T17:51:57.816+09:00,tigerfriend,Action,EditorBackSpace,C__,Editor,/Users/tigerfriend/C++/main.cpp,,12,8,Changes
2023-03-13T17:52:01.530+09:00,tigerfriend,Action,EditorEnter,C__,Editor,/Users/tigerfriend/C++/main.cpp,,9,28,Changes
2023-03-13T17:52:03.381+09:00,tigerfriend,Action,EditorBackSpace,C__,Editor,/Users/tigerfriend/C++/main.cpp,,10,11,Changes
2023-03-13T17:52:03.499+09:00,tigerfriend,Action,EditorBackSpace,C__,Editor,/Users/tigerfriend/C++/main.cpp,,10,10,Changes
2023-03-13T17:52:03.650+09:00,tigerfriend,Action,EditorBackSpace,C__,Editor,/Users/tigerfriend/C++/main.cpp,,10,9,Changes
2023-03-13T17:52:04.141+09:00,tigerfriend,Action,EditorBackSpace,C__,Editor,/Users/tigerfriend/C++/main.cpp,,10,8,Changes
2023-03-13T17:52:07.003+09:00,tigerfriend,Action,EditorEnter,C__,Editor,/Users/tigerfriend/C++/main.cpp,,11,26,Changes
2023-03-13T17:52:30.454+09:00,tigerfriend,Action,EditorBackSpace,C__,Editor,/Users/tigerfriend/C++/main.cpp,,12,15,Changes
2023-03-13T17:52:30.563+09:00,tigerfriend,Action,EditorBackSpace,C__,Editor,/Users/tigerfriend/C++/main.cpp,,12,14,Changes
2023-03-13T17:52:30.713+09:00,tigerfriend,Action,EditorBackSpace,C__,Editor,/Users/tigerfriend/C++/main.cpp,,12,13,Changes
2023-03-13T17:52:30.805+09:00,tigerfriend,Action,EditorBackSpace,C__,Editor,/Users/tigerfriend/C++/main.cpp,,12,12,Changes
2023-03-13T17:52:32.430+09:00,tigerfriend,Action,EditorBackSpace,C__,Editor,/Users/tigerfriend/C++/main.cpp,,12,13,Changes
2023-03-13T17:52:39.613+09:00,tigerfriend,Action,EditorBackSpace,C__,Editor,/Users/tigerfriend/C++/main.cpp,,12,22,Changes
2023-03-13T17:52:40.498+09:00,tigerfriend,Action,EditorEnter,C__,Editor,/Users/tigerfriend/C++/main.cpp,,12,22,Changes
2023-03-13T17:52:42.959+09:00,tigerfriend,Action,EditorCopy,C__,Editor,/Users/tigerfriend/C++/main.cpp,,11,8,Changes
2023-03-13T17:52:43.447+09:00,tigerfriend,Action,EditorPaste,C__,Editor,/Users/tigerfriend/C++/main.cpp,,13,12,Changes
2023-03-13T17:52:44.659+09:00,tigerfriend,Action,EditorBackSpace,C__,Editor,/Users/tigerfriend/C++/main.cpp,,15,8,Changes
2023-03-13T17:52:50.225+09:00,tigerfriend,Action,Run,C__,Editor,/Users/tigerfriend/C++/main.cpp,,19,5,Changes
2023-03-13T17:52:51.083+09:00,tigerfriend,Execution,Run:'CMake Application: C__':/Users/tigerfriend/C++/cmake-build-debug/C__,C__,Editor,/Users/tigerfriend/C++/main.cpp,,19,5,Changes
2023-03-13T17:53:03.173+09:00,tigerfriend,Action,EditorEnter,C__,Editor,/Users/tigerfriend/C++/main.cpp,,19,5,Changes
2023-03-13T17:53:14.318+09:00,tigerfriend,Action,EditorBackSpace,C__,Editor,/Users/tigerfriend/C++/main.cpp,,20,10,Changes
2023-03-13T17:53:18.570+09:00,tigerfriend,Action,EditorBackSpace,C__,Editor,/Users/tigerfriend/C++/main.cpp,,20,16,Changes
2023-03-13T17:53:18.709+09:00,tigerfriend,Action,EditorBackSpace,C__,Editor,/Users/tigerfriend/C++/main.cpp,,20,15,Changes
2023-03-13T17:53:18.935+09:00,tigerfriend,Action,EditorBackSpace,C__,Editor,/Users/tigerfriend/C++/main.cpp,,20,14,Changes
2023-03-13T17:53:20.288+09:00,tigerfriend,Action,EditorBackSpace,C__,Editor,/Users/tigerfriend/C++/main.cpp,,20,16,Changes
2023-03-13T17:53:20.409+09:00,tigerfriend,Action,EditorBackSpace,C__,Editor,/Users/tigerfriend/C++/main.cpp,,20,15,Changes
2023-03-13T17:53:20.573+09:00,tigerfriend,Action,EditorBackSpace,C__,Editor,/Users/tigerfriend/C++/main.cpp,,20,14,Changes
2023-03-13T17:53:29.094+09:00,tigerfriend,Action,EditorRight,C__,Editor,/Users/tigerfriend/C++/main.cpp,,20,24,Changes
2023-03-13T17:53:29.875+09:00,tigerfriend,Action,EditorEnter,C__,Editor,/Users/tigerfriend/C++/main.cpp,,20,26,Changes
2023-03-13T17:55:50.340+09:00,tigerfriend,Action,EditorEnter,C__,Editor,/Users/tigerfriend/C++/main.cpp,,21,20,Changes
2023-03-13T17:55:59.916+09:00,tigerfriend,Action,EditorEnter,C__,Editor,/Users/tigerfriend/C++/main.cpp,,22,27,Changes
2023-03-13T17:56:01.932+09:00,tigerfriend,Action,EditorBackSpace,C__,Editor,/Users/tigerfriend/C++/main.cpp,,23,10,Changes
2023-03-13T17:56:03.460+09:00,tigerfriend,Action,EditorChooseLookupItem,C__,Editor,/Users/tigerfriend/C++/main.cpp,,23,16,Changes
2023-03-13T17:56:09.127+09:00,tigerfriend,Action,EditorRight,C__,Editor,/Users/tigerfriend/C++/main.cpp,,23,28,Changes
2023-03-13T17:56:53.743+09:00,tigerfriend,Action,EditorEnter,C__,Editor,/Users/tigerfriend/C++/main.cpp,,23,30,Changes
2023-03-13T17:56:55.287+09:00,tigerfriend,Action,EditorBackSpace,C__,Editor,/Users/tigerfriend/C++/main.cpp,,24,12,Changes
2023-03-13T17:56:55.406+09:00,tigerfriend,Action,EditorBackSpace,C__,Editor,/Users/tigerfriend/C++/main.cpp,,24,11,Changes
2023-03-13T17:56:55.523+09:00,tigerfriend,Action,EditorBackSpace,C__,Editor,/Users/tigerfriend/C++/main.cpp,,24,10,Changes
2023-03-13T17:56:55.742+09:00,tigerfriend,Action,EditorBackSpace,C__,Editor,/Users/tigerfriend/C++/main.cpp,,24,9,Changes
2023-03-13T17:56:58.337+09:00,tigerfriend,Action,EditorBackSpace,C__,Editor,/Users/tigerfriend/C++/main.cpp,,24,12,Changes
2023-03-13T17:56:58.490+09:00,tigerfriend,Action,EditorBackSpace,C__,Editor,/Users/tigerfriend/C++/main.cpp,,24,11,Changes
2023-03-13T17:56:58.850+09:00,tigerfriend,Action,EditorBackSpace,C__,Editor,/Users/tigerfriend/C++/main.cpp,,24,10,Changes
2023-03-13T17:56:59.414+09:00,tigerfriend,Action,EditorRight,C__,Editor,/Users/tigerfriend/C++/main.cpp,,24,9,Changes
2023-03-13T17:56:59.871+09:00,tigerfriend,Action,EditorLeft,C__,Editor,/Users/tigerfriend/C++/main.cpp,,25,0,Changes
2023-03-13T17:57:00.290+09:00,tigerfriend,Action,EditorBackSpace,C__,Editor,/Users/tigerfriend/C++/main.cpp,,24,9,Changes
2023-03-13T17:57:01.762+09:00,tigerfriend,Action,EditorBackSpace,C__,Editor,/Users/tigerfriend/C++/main.cpp,,24,13,Changes
2023-03-13T17:57:01.872+09:00,tigerfriend,Action,EditorBackSpace,C__,Editor,/Users/tigerfriend/C++/main.cpp,,24,12,Changes
2023-03-13T17:57:02.065+09:00,tigerfriend,Action,EditorBackSpace,C__,Editor,/Users/tigerfriend/C++/main.cpp,,24,11,Changes
2023-03-13T17:57:02.188+09:00,tigerfriend,Action,EditorBackSpace,C__,Editor,/Users/tigerfriend/C++/main.cpp,,24,10,Changes
2023-03-13T17:57:02.405+09:00,tigerfriend,Action,EditorBackSpace,C__,Editor,/Users/tigerfriend/C++/main.cpp,,24,9,Changes
2023-03-13T17:57:03.460+09:00,tigerfriend,Action,EditorBackSpace,C__,Editor,/Users/tigerfriend/C++/main.cpp,,24,12,Changes
2023-03-13T17:57:03.600+09:00,tigerfriend,Action,EditorBackSpace,C__,Editor,/Users/tigerfriend/C++/main.cpp,,24,11,Changes
2023-03-13T17:57:08.659+09:00,tigerfriend,Action,EditorRight,C__,Editor,/Users/tigerfriend/C++/main.cpp,,24,18,Changes
2023-03-13T17:57:12.638+09:00,tigerfriend,Action,Run,C__,Editor,/Users/tigerfriend/C++/main.cpp,,24,26,Changes
2023-03-13T17:57:20.128+09:00,tigerfriend,Action,EditorBackSpace,C__,Editor,/Users/tigerfriend/C++/main.cpp,,24,19,Changes
2023-03-13T17:57:20.277+09:00,tigerfriend,Action,EditorBackSpace,C__,Editor,/Users/tigerfriend/C++/main.cpp,,24,18,Changes
2023-03-13T17:57:20.405+09:00,tigerfriend,Action,EditorBackSpace,C__,Editor,/Users/tigerfriend/C++/main.cpp,,24,17,Changes
2023-03-13T17:57:21.533+09:00,tigerfriend,Action,Run,C__,Editor,/Users/tigerfriend/C++/main.cpp,,24,16,Changes
2023-03-13T17:57:26.449+09:00,tigerfriend,Action,EditorLeft,C__,Editor,/Users/tigerfriend/C++/main.cpp,,24,18,Changes
2023-03-13T17:57:31.725+09:00,tigerfriend,Action,EditorBackSpace,C__,Editor,/Users/tigerfriend/C++/main.cpp,,24,18,Changes
2023-03-13T17:57:34.034+09:00,tigerfriend,Action,Run,C__,Editor,/Users/tigerfriend/C++/main.cpp,,22,27,Changes
2023-03-13T17:57:41.111+09:00,tigerfriend,Action,EditorBackSpace,C__,Editor,/Users/tigerfriend/C++/main.cpp,,24,19,Changes
2023-03-13T17:57:41.247+09:00,tigerfriend,Action,EditorBackSpace,C__,Editor,/Users/tigerfriend/C++/main.cpp,,24,18,Changes
2023-03-13T17:57:41.603+09:00,tigerfriend,Action,EditorBackSpace,C__,Editor,/Users/tigerfriend/C++/main.cpp,,24,17,Changes
2023-03-13T17:57:54.549+09:00,tigerfriend,Action,EditorEnter,C__,Editor,/Users/tigerfriend/C++/main.cpp,,23,30,Changes
2023-03-13T17:57:55.631+09:00,tigerfriend,Action,EditorBackSpace,C__,Editor,/Users/tigerfriend/C++/main.cpp,,24,12,Changes
2023-03-13T17:57:55.732+09:00,tigerfriend,Action,EditorBackSpace,C__,Editor,/Users/tigerfriend/C++/main.cpp,,24,11,Changes
2023-03-13T17:58:12.128+09:00,tigerfriend,Action,EditorEnter,C__,Editor,/Users/tigerfriend/C++/main.cpp,,24,16,Changes
2023-03-13T17:58:16.396+09:00,tigerfriend,Action,EditorBackSpace,C__,Editor,/Users/tigerfriend/C++/main.cpp,,26,16,Changes
2023-03-13T17:58:16.527+09:00,tigerfriend,Action,EditorBackSpace,C__,Editor,/Users/tigerfriend/C++/main.cpp,,26,15,Changes
2023-03-13T17:58:19.976+09:00,tigerfriend,Action,Run,C__,Editor,/Users/tigerfriend/C++/main.cpp,,25,16,Changes
2023-03-13T17:58:20.755+09:00,tigerfriend,Execution,Run:'CMake Application: C__':/Users/tigerfriend/C++/cmake-build-debug/C__,C__,Editor,/Users/tigerfriend/C++/main.cpp,,25,16,Changes
2023-03-13T17:58:52.297+09:00,tigerfriend,Action,EditorBackSpace,C__,Editor,/Users/tigerfriend/C++/main.cpp,,25,14,Changes
2023-03-13T17:58:54.564+09:00,tigerfriend,Action,EditorBackSpace,C__,Editor,/Users/tigerfriend/C++/main.cpp,,25,22,Changes
2023-03-13T17:58:56.847+09:00,tigerfriend,Action,EditorEnter,C__,Editor,/Users/tigerfriend/C++/main.cpp,,25,23,Changes
2023-03-13T17:59:02.488+09:00,tigerfriend,Action,EditorBackSpace,C__,Editor,/Users/tigerfriend/C++/main.cpp,,28,24,Changes
2023-03-13T17:59:02.874+09:00,tigerfriend,Action,EditorBackSpace,C__,Editor,/Users/tigerfriend/C++/main.cpp,,28,8,Changes
2023-03-13T17:59:21.865+09:00,tigerfriend,Action,EditorEnter,C__,Editor,/Users/tigerfriend/C++/main.cpp,,24,22,Changes
2023-03-13T17:59:23.933+09:00,tigerfriend,Action,EditorBackSpace,C__,Editor,/Users/tigerfriend/C++/main.cpp,,25,8,Changes
2023-03-13T17:59:25.934+09:00,tigerfriend,Action,EditorBackSpace,C__,Editor,/Users/tigerfriend/C++/main.cpp,,25,13,Changes
2023-03-13T17:59:26.064+09:00,tigerfriend,Action,EditorBackSpace,C__,Editor,/Users/tigerfriend/C++/main.cpp,,25,12,Changes
2023-03-13T17:59:26.209+09:00,tigerfriend,Action,EditorBackSpace,C__,Editor,/Users/tigerfriend/C++/main.cpp,,25,11,Changes
2023-03-13T17:59:26.349+09:00,tigerfriend,Action,EditorBackSpace,C__,Editor,/Users/tigerfriend/C++/main.cpp,,25,10,Changes
2023-03-13T17:59:26.574+09:00,tigerfriend,Action,EditorBackSpace,C__,Editor,/Users/tigerfriend/C++/main.cpp,,25,9,Changes
2023-03-13T17:59:30.305+09:00,tigerfriend,Action,EditorEnter,C__,Editor,/Users/tigerfriend/C++/main.cpp,,25,17,Changes
2023-03-13T17:59:31.943+09:00,tigerfriend,Action,EditorBackSpace,C__,Editor,/Users/tigerfriend/C++/main.cpp,,26,12,Changes
2023-03-13T17:59:32.088+09:00,tigerfriend,Action,EditorBackSpace,C__,Editor,/Users/tigerfriend/C++/main.cpp,,26,11,Changes
2023-03-13T17:59:32.232+09:00,tigerfriend,Action,EditorBackSpace,C__,Editor,/Users/tigerfriend/C++/main.cpp,,26,10,Changes
2023-03-13T17:59:32.357+09:00,tigerfriend,Action,EditorBackSpace,C__,Editor,/Users/tigerfriend/C++/main.cpp,,26,9,Changes
2023-03-13T17:59:47.067+09:00,tigerfriend,Action,EditorEnter,C__,Editor,/Users/tigerfriend/C++/main.cpp,,26,17,Changes
2023-03-13T17:59:53.699+09:00,tigerfriend,Action,EditorRight,C__,Editor,/Users/tigerfriend/C++/main.cpp,,27,22,Changes
2023-03-13T17:59:56.232+09:00,tigerfriend,Action,EditorRight,C__,Editor,/Users/tigerfriend/C++/main.cpp,,27,28,Changes
2023-03-13T18:00:00.824+09:00,tigerfriend,Action,EditorBackSpace,C__,Editor,/Users/tigerfriend/C++/main.cpp,,27,31,Changes
2023-03-13T18:00:04.939+09:00,tigerfriend,Action,Run,C__,Editor,/Users/tigerfriend/C++/main.cpp,,27,36,Changes
2023-03-13T18:00:05.705+09:00,tigerfriend,Execution,Run:'CMake Application: C__':/Users/tigerfriend/C++/cmake-build-debug/C__,C__,Editor,/Users/tigerfriend/C++/main.cpp,,27,36,Changes
2023-03-13T18:00:24.173+09:00,tigerfriend,Action,EditorBackSpace,C__,Editor,/Users/tigerfriend/C++/main.cpp,,17,34,Changes
2023-03-13T18:00:24.331+09:00,tigerfriend,Action,EditorBackSpace,C__,Editor,/Users/tigerfriend/C++/main.cpp,,17,33,Changes
2023-03-13T18:00:24.438+09:00,tigerfriend,Action,EditorBackSpace,C__,Editor,/Users/tigerfriend/C++/main.cpp,,17,32,Changes
2023-03-13T18:00:24.543+09:00,tigerfriend,Action,EditorBackSpace,C__,Editor,/Users/tigerfriend/C++/main.cpp,,17,31,Changes
2023-03-13T18:00:24.658+09:00,tigerfriend,Action,EditorBackSpace,C__,Editor,/Users/tigerfriend/C++/main.cpp,,17,30,Changes
2023-03-13T18:00:24.778+09:00,tigerfriend,Action,EditorBackSpace,C__,Editor,/Users/tigerfriend/C++/main.cpp,,17,29,Changes
2023-03-13T18:00:25.065+09:00,tigerfriend,Action,EditorBackSpace,C__,Editor,/Users/tigerfriend/C++/main.cpp,,17,28,Changes
2023-03-13T18:00:28.985+09:00,tigerfriend,Action,Stop,C__,Editor,/Users/tigerfriend/C++/main.cpp,,17,27,Changes
2023-03-13T18:02:22.770+09:00,tigerfriend,Action,EditorBackSpace,C__,Editor,/Users/tigerfriend/C++/main.cpp,,15,20,Changes
2023-03-13T18:02:31.361+09:00,tigerfriend,Action,SaveAll,C__,Editor,/Users/tigerfriend/C++/main.cpp,,16,38,Changes
2023-03-13T18:02:32.148+09:00,tigerfriend,Action,Run,C__,Editor,/Users/tigerfriend/C++/main.cpp,,16,38,Changes
2023-03-13T18:02:32.942+09:00,tigerfriend,Execution,Run:'CMake Application: C__':/Users/tigerfriend/C++/cmake-build-debug/C__,C__,Editor,/Users/tigerfriend/C++/main.cpp,,16,38,Changes
2023-03-13T18:02:55.933+09:00,tigerfriend,Action,EditorRight,C__,Editor,/Users/tigerfriend/C++/main.cpp,,16,38,Changes
2023-03-13T18:03:12.208+09:00,tigerfriend,Action,Run,C__,Editor,/Users/tigerfriend/C++/main.cpp,,29,13,Changes
2023-03-13T18:03:12.551+09:00,tigerfriend,Execution,Run:'CMake Application: C__':/Users/tigerfriend/C++/cmake-build-debug/C__,C__,Editor,/Users/tigerfriend/C++/main.cpp,,29,13,Changes
2023-03-13T18:03:29.057+09:00,tigerfriend,Action,Run,C__,Editor,/Users/tigerfriend/C++/main.cpp,,17,34,Changes
2023-03-13T18:03:30.647+09:00,tigerfriend,Execution,Run:'CMake Application: C__':/Users/tigerfriend/C++/cmake-build-debug/C__,C__,Editor,/Users/tigerfriend/C++/main.cpp,,17,34,Changes
2023-03-13T18:03:58.575+09:00,tigerfriend,Action,EditorRight,C__,Editor,/Users/tigerfriend/C++/main.cpp,,17,32,Changes
2023-03-13T18:03:58.898+09:00,tigerfriend,Action,EditorBackSpace,C__,Editor,/Users/tigerfriend/C++/main.cpp,,17,33,Changes
2023-03-13T18:03:59.013+09:00,tigerfriend,Action,EditorBackSpace,C__,Editor,/Users/tigerfriend/C++/main.cpp,,17,32,Changes
2023-03-13T18:03:59.144+09:00,tigerfriend,Action,EditorBackSpace,C__,Editor,/Users/tigerfriend/C++/main.cpp,,17,31,Changes
2023-03-13T18:03:59.258+09:00,tigerfriend,Action,EditorBackSpace,C__,Editor,/Users/tigerfriend/C++/main.cpp,,17,30,Changes
2023-03-13T18:03:59.373+09:00,tigerfriend,Action,EditorBackSpace,C__,Editor,/Users/tigerfriend/C++/main.cpp,,17,29,Changes
2023-03-13T18:03:59.489+09:00,tigerfriend,Action,EditorBackSpace,C__,Editor,/Users/tigerfriend/C++/main.cpp,,17,28,Changes
2023-03-13T18:04:01.149+09:00,tigerfriend,Action,EditorEnter,C__,Editor,/Users/tigerfriend/C++/main.cpp,,19,5,Changes
2023-03-13T18:04:05.713+09:00,tigerfriend,Action,EditorBackSpace,C__,Editor,/Users/tigerfriend/C++/main.cpp,,20,10,Changes
2023-03-13T18:04:05.841+09:00,tigerfriend,Action,EditorBackSpace,C__,Editor,/Users/tigerfriend/C++/main.cpp,,20,9,Changes
2023-03-13T18:04:05.962+09:00,tigerfriend,Action,EditorBackSpace,C__,Editor,/Users/tigerfriend/C++/main.cpp,,20,8,Changes
2023-03-13T18:04:06.215+09:00,tigerfriend,Action,EditorBackSpace,C__,Editor,/Users/tigerfriend/C++/main.cpp,,20,7,Changes
2023-03-13T18:04:06.389+09:00,tigerfriend,Action,EditorBackSpace,C__,Editor,/Users/tigerfriend/C++/main.cpp,,20,6,Changes
2023-03-13T18:04:06.651+09:00,tigerfriend,Action,EditorBackSpace,C__,Editor,/Users/tigerfriend/C++/main.cpp,,20,5,Changes
2023-03-13T18:04:10.009+09:00,tigerfriend,Action,EditorRight,C__,Editor,/Users/tigerfriend/C++/main.cpp,,20,13,Changes
2023-03-13T18:04:12.940+09:00,tigerfriend,Action,EditorBackSpace,C__,Editor,/Users/tigerfriend/C++/main.cpp,,20,19,Changes
2023-03-13T18:04:13.043+09:00,tigerfriend,Action,EditorBackSpace,C__,Editor,/Users/tigerfriend/C++/main.cpp,,20,18,Changes
2023-03-13T18:04:13.172+09:00,tigerfriend,Action,EditorBackSpace,C__,Editor,/Users/tigerfriend/C++/main.cpp,,20,17,Changes
2023-03-13T18:04:15.740+09:00,tigerfriend,Action,Run,C__,Editor,/Users/tigerfriend/C++/main.cpp,,15,40,Changes
2023-03-13T18:04:16.516+09:00,tigerfriend,Execution,Run:'CMake Application: C__':/Users/tigerfriend/C++/cmake-build-debug/C__,C__,Editor,/Users/tigerfriend/C++/main.cpp,,15,40,Changes
2023-03-13T18:05:04.333+09:00,tigerfriend,Action,EditorEnter,C__,Editor,/Users/tigerfriend/C++/main.cpp,,27,17,Changes
2023-03-13T18:05:09.169+09:00,tigerfriend,Action,EditorLeft,C__,Editor,/Users/tigerfriend/C++/main.cpp,,28,24,Changes
2023-03-13T18:05:09.292+09:00,tigerfriend,Action,EditorLeft,C__,Editor,/Users/tigerfriend/C++/main.cpp,,28,23,Changes
2023-03-13T18:05:09.413+09:00,tigerfriend,Action,EditorLeft,C__,Editor,/Users/tigerfriend/C++/main.cpp,,28,22,Changes
2023-03-13T18:05:09.540+09:00,tigerfriend,Action,EditorLeft,C__,Editor,/Users/tigerfriend/C++/main.cpp,,28,21,Changes
2023-03-13T18:05:10.932+09:00,tigerfriend,Action,EditorLeft,C__,Editor,/Users/tigerfriend/C++/main.cpp,,28,22,Changes
2023-03-13T18:05:11.068+09:00,tigerfriend,Action,EditorLeft,C__,Editor,/Users/tigerfriend/C++/main.cpp,,28,21,Changes
2023-03-13T18:05:13.805+09:00,tigerfriend,Action,EditorBackSpace,C__,Editor,/Users/tigerfriend/C++/main.cpp,,28,21,Changes
2023-03-13T18:05:16.200+09:00,tigerfriend,Action,EditorBackSpace,C__,Editor,/Users/tigerfriend/C++/main.cpp,,28,25,Changes
2023-03-13T18:05:16.463+09:00,tigerfriend,Action,EditorRight,C__,Editor,/Users/tigerfriend/C++/main.cpp,,28,24,Changes
2023-03-13T18:05:16.594+09:00,tigerfriend,Action,EditorRight,C__,Editor,/Users/tigerfriend/C++/main.cpp,,28,25,Changes
2023-03-13T18:05:16.723+09:00,tigerfriend,Action,EditorRight,C__,Editor,/Users/tigerfriend/C++/main.cpp,,28,26,Changes
2023-03-13T18:05:16.828+09:00,tigerfriend,Action,EditorRight,C__,Editor,/Users/tigerfriend/C++/main.cpp,,28,27,Changes
2023-03-13T18:05:16.939+09:00,tigerfriend,Action,EditorRight,C__,Editor,/Users/tigerfriend/C++/main.cpp,,28,28,Changes
2023-03-13T18:05:17.059+09:00,tigerfriend,Action,EditorRight,C__,Editor,/Users/tigerfriend/C++/main.cpp,,28,29,Changes
2023-03-13T18:05:19.833+09:00,tigerfriend,Action,EditorLeft,C__,Editor,/Users/tigerfriend/C++/main.cpp,,28,37,Changes
2023-03-13T18:05:19.945+09:00,tigerfriend,Action,EditorLeft,C__,Editor,/Users/tigerfriend/C++/main.cpp,,28,36,Changes
2023-03-13T18:05:20.299+09:00,tigerfriend,Action,EditorRight,C__,Editor,/Users/tigerfriend/C++/main.cpp,,28,35,Changes
2023-03-13T18:05:20.451+09:00,tigerfriend,Action,EditorRight,C__,Editor,/Users/tigerfriend/C++/main.cpp,,28,36,Changes
2023-03-13T18:05:23.539+09:00,tigerfriend,Action,$Undo,C__,Editor,/Users/tigerfriend/C++/main.cpp,,29,1,Changes
2023-03-13T18:05:26.350+09:00,tigerfriend,Action,Run,C__,Editor,/Users/tigerfriend/C++/main.cpp,,26,17,Changes
2023-03-13T18:05:28.165+09:00,tigerfriend,Execution,Run:'CMake Application: C__':/Users/tigerfriend/C++/cmake-build-debug/C__,C__,Editor,/Users/tigerfriend/C++/main.cpp,,26,17,Changes
2023-03-13T18:05:54.043+09:00,tigerfriend,Action,EditorBackSpace,C__,Editor,/Users/tigerfriend/C++/main.cpp,,29,10,Changes
2023-03-13T18:05:54.177+09:00,tigerfriend,Action,EditorBackSpace,C__,Editor,/Users/tigerfriend/C++/main.cpp,,29,9,Changes
2023-03-13T18:05:59.108+09:00,tigerfriend,Action,SaveAll,C__,Editor,/Users/tigerfriend/C++/main.cpp,,29,36,Changes
2023-03-13T18:50:16.498+09:00,tigerfriend,Action,EditorEnter,C__,Editor,/Users/tigerfriend/C++/main.cpp,,22,20,Changes
2023-03-13T18:50:20.537+09:00,tigerfriend,Action,EditorCopy,C__,Editor,/Users/tigerfriend/C++/main.cpp,,14,9,Changes
2023-03-13T18:50:21.543+09:00,tigerfriend,Action,EditorBackSpace,C__,Editor,/Users/tigerfriend/C++/main.cpp,,23,10,Changes
2023-03-13T18:50:21.686+09:00,tigerfriend,Action,EditorBackSpace,C__,Editor,/Users/tigerfriend/C++/main.cpp,,23,9,Changes
2023-03-13T18:50:22.029+09:00,tigerfriend,Action,EditorPaste,C__,Editor,/Users/tigerfriend/C++/main.cpp,,23,8,Changes
2023-03-13T18:50:34.307+09:00,tigerfriend,Action,Run,C__,Editor,/Users/tigerfriend/C++/main.cpp,,25,9,Changes
2023-03-13T18:50:35.226+09:00,tigerfriend,Execution,Run:'CMake Application: C__':/Users/tigerfriend/C++/cmake-build-debug/C__,C__,Editor,/Users/tigerfriend/C++/main.cpp,,25,9,Changes
2023-03-13T18:50:39.434+09:00,tigerfriend,Action,Run,C__,Editor,/Users/tigerfriend/C++/main.cpp,,25,9,Changes
2023-03-13T18:50:39.740+09:00,tigerfriend,Execution,Run:'CMake Application: C__':/Users/tigerfriend/C++/cmake-build-debug/C__,C__,Editor,/Users/tigerfriend/C++/main.cpp,,25,9,Changes
2023-03-13T18:51:16.000+09:00,tigerfriend,Action,Run,C__,Editor,/Users/tigerfriend/C++/main.cpp,,25,9,Changes
2023-03-13T18:51:17.487+09:00,tigerfriend,Execution,Run:'CMake Application: C__':/Users/tigerfriend/C++/cmake-build-debug/C__,C__,Editor,/Users/tigerfriend/C++/main.cpp,,25,9,Changes
2023-03-13T18:53:08.091+09:00,tigerfriend,Action,EditorCut,C__,Editor,/Users/tigerfriend/C++/main.cpp,,26,27,Changes
2023-03-13T18:53:08.969+09:00,tigerfriend,Action,EditorEnter,C__,Editor,/Users/tigerfriend/C++/main.cpp,,22,20,Changes
2023-03-13T18:53:09.192+09:00,tigerfriend,Action,EditorPaste,C__,Editor,/Users/tigerfriend/C++/main.cpp,,23,8,Changes
2023-03-13T18:53:12.236+09:00,tigerfriend,Action,EditorBackSpace,C__,Editor,/Users/tigerfriend/C++/main.cpp,,27,8,Changes
2023-03-13T18:53:14.177+09:00,tigerfriend,Action,Run,C__,Editor,/Users/tigerfriend/C++/main.cpp,,26,9,Changes
2023-03-13T18:53:15.872+09:00,tigerfriend,Execution,Run:'CMake Application: C__':/Users/tigerfriend/C++/cmake-build-debug/C__,C__,Editor,/Users/tigerfriend/C++/main.cpp,,26,9,Changes
2023-03-13T18:53:40.987+09:00,tigerfriend,Action,$Undo,C__,Editor,/Users/tigerfriend/C++/main.cpp,,31,1,Changes
2023-03-13T18:53:43.469+09:00,tigerfriend,Action,Run,C__,Editor,/Users/tigerfriend/C++/main.cpp,,31,10,Changes
2023-03-13T18:53:45.355+09:00,tigerfriend,Execution,Run:'CMake Application: C__':/Users/tigerfriend/C++/cmake-build-debug/C__,C__,Editor,/Users/tigerfriend/C++/main.cpp,,31,10,Changes
2023-03-13T18:53:56.847+09:00,tigerfriend,Action,Run,C__,Editor,/Users/tigerfriend/C++/main.cpp,,31,10,Changes
2023-03-13T18:53:59.825+09:00,tigerfriend,Action,Debug,C__,Editor,/Users/tigerfriend/C++/main.cpp,,31,10,Changes
2023-03-13T18:54:01.118+09:00,tigerfriend,Execution,Debug:'CMake Application: C__':,C__,Editor,/Users/tigerfriend/C++/main.cpp,,31,10,Changes
2023-03-13T18:54:22.866+09:00,tigerfriend,Action,Stop,C__,Debug,/Users/tigerfriend/C++/main.cpp,,31,10,Changes
2023-03-13T18:54:33.046+09:00,tigerfriend,Action,ToggleLineBreakpoint,C__,Editor,/Users/tigerfriend/C++/main.cpp,,31,10,Changes
2023-03-13T18:54:34.572+09:00,tigerfriend,Action,Debug,C__,Editor,/Users/tigerfriend/C++/main.cpp,,31,10,Changes
2023-03-13T18:54:34.814+09:00,tigerfriend,Execution,Debug:'CMake Application: C__':,C__,Editor,/Users/tigerfriend/C++/main.cpp,,31,10,Changes
2023-03-13T18:54:50.641+09:00,tigerfriend,Action,StepInto,C__,Debug,/Users/tigerfriend/C++/main.cpp,,18,0,Changes
2023-03-13T18:55:04.064+09:00,tigerfriend,Action,StepInto,C__,Debug,/Users/tigerfriend/C++/main.cpp,,15,0,Changes
2023-03-13T18:55:07.223+09:00,tigerfriend,Action,StepInto,C__,Debug,/Users/tigerfriend/C++/main.cpp,,16,0,Changes
2023-03-13T18:55:10.226+09:00,tigerfriend,Action,StepInto,C__,Debug,/Users/tigerfriend/C++/main.cpp,,17,0,Changes
2023-03-13T18:55:30.055+09:00,tigerfriend,Action,StepInto,C__,Debug,/Users/tigerfriend/C++/main.cpp,,18,0,Changes
2023-03-13T18:55:56.938+09:00,tigerfriend,Action,StepInto,C__,Debug,/Users/tigerfriend/C++/main.cpp,,15,0,Changes
2023-03-13T18:55:58.066+09:00,tigerfriend,Action,StepInto,C__,Debug,/Users/tigerfriend/C++/main.cpp,,16,0,Changes
2023-03-13T18:56:35.379+09:00,tigerfriend,Action,EditorEnter,C__,Editor,/Users/tigerfriend/C++/main.cpp,,17,28,Changes
2023-03-13T18:56:39.031+09:00,tigerfriend,Action,EditorBackSpace,C__,Editor,/Users/tigerfriend/C++/main.cpp,,18,18,Changes
2023-03-13T18:56:39.193+09:00,tigerfriend,Action,EditorBackSpace,C__,Editor,/Users/tigerfriend/C++/main.cpp,,18,17,Changes
2023-03-13T18:56:39.349+09:00,tigerfriend,Action,EditorBackSpace,C__,Editor,/Users/tigerfriend/C++/main.cpp,,18,16,Changes
2023-03-13T18:56:39.492+09:00,tigerfriend,Action,EditorBackSpace,C__,Editor,/Users/tigerfriend/C++/main.cpp,,18,15,Changes
2023-03-13T18:56:39.641+09:00,tigerfriend,Action,EditorBackSpace,C__,Editor,/Users/tigerfriend/C++/main.cpp,,18,14,Changes
2023-03-13T18:56:39.789+09:00,tigerfriend,Action,EditorBackSpace,C__,Editor,/Users/tigerfriend/C++/main.cpp,,18,13,Changes
2023-03-13T18:56:40.081+09:00,tigerfriend,Action,EditorBackSpace,C__,Editor,/Users/tigerfriend/C++/main.cpp,,18,12,Changes
2023-03-13T18:56:47.775+09:00,tigerfriend,Action,EditorEnter,C__,Editor,/Users/tigerfriend/C++/main.cpp,,17,28,Changes
2023-03-13T18:56:50.352+09:00,tigerfriend,Action,EditorBackSpace,C__,Editor,/Users/tigerfriend/C++/main.cpp,,18,14,Changes
2023-03-13T18:56:50.496+09:00,tigerfriend,Action,EditorBackSpace,C__,Editor,/Users/tigerfriend/C++/main.cpp,,18,13,Changes
2023-03-13T18:56:52.969+09:00,tigerfriend,Action,EditorBackSpace,C__,Editor,/Users/tigerfriend/C++/main.cpp,,18,15,Changes
2023-03-13T18:56:53.101+09:00,tigerfriend,Action,EditorBackSpace,C__,Editor,/Users/tigerfriend/C++/main.cpp,,18,14,Changes
2023-03-13T18:56:53.259+09:00,tigerfriend,Action,EditorBackSpace,C__,Editor,/Users/tigerfriend/C++/main.cpp,,18,13,Changes
2023-03-13T18:56:55.184+09:00,tigerfriend,Action,EditorBackSpace,C__,Editor,/Users/tigerfriend/C++/main.cpp,,18,13,Changes
2023-03-13T18:56:58.402+09:00,tigerfriend,Action,EditorBackSpace,C__,Editor,/Users/tigerfriend/C++/main.cpp,,18,18,Changes
2023-03-13T18:56:58.565+09:00,tigerfriend,Action,EditorBackSpace,C__,Editor,/Users/tigerfriend/C++/main.cpp,,18,17,Changes
2023-03-13T18:56:58.753+09:00,tigerfriend,Action,EditorBackSpace,C__,Editor,/Users/tigerfriend/C++/main.cpp,,18,16,Changes
2023-03-13T18:56:58.961+09:00,tigerfriend,Action,EditorBackSpace,C__,Editor,/Users/tigerfriend/C++/main.cpp,,18,15,Changes
2023-03-13T18:57:04.540+09:00,tigerfriend,Action,EditorBackSpace,C__,Editor,/Users/tigerfriend/C++/main.cpp,,18,22,Changes
2023-03-13T18:57:04.665+09:00,tigerfriend,Action,EditorBackSpace,C__,Editor,/Users/tigerfriend/C++/main.cpp,,18,21,Changes
2023-03-13T18:57:04.799+09:00,tigerfriend,Action,EditorBackSpace,C__,Editor,/Users/tigerfriend/C++/main.cpp,,18,20,Changes
2023-03-13T18:57:04.937+09:00,tigerfriend,Action,EditorBackSpace,C__,Editor,/Users/tigerfriend/C++/main.cpp,,18,19,Changes
2023-03-13T18:57:06.752+09:00,tigerfriend,Action,EditorBackSpace,C__,Editor,/Users/tigerfriend/C++/main.cpp,,18,18,Changes
2023-03-13T18:57:06.884+09:00,tigerfriend,Action,EditorBackSpace,C__,Editor,/Users/tigerfriend/C++/main.cpp,,18,17,Changes
2023-03-13T18:57:07.054+09:00,tigerfriend,Action,EditorBackSpace,C__,Editor,/Users/tigerfriend/C++/main.cpp,,18,16,Changes
2023-03-13T18:57:07.209+09:00,tigerfriend,Action,EditorBackSpace,C__,Editor,/Users/tigerfriend/C++/main.cpp,,18,15,Changes
2023-03-13T18:57:07.474+09:00,tigerfriend,Action,EditorBackSpace,C__,Editor,/Users/tigerfriend/C++/main.cpp,,18,14,Changes
2023-03-13T18:57:07.691+09:00,tigerfriend,Action,EditorBackSpace,C__,Editor,/Users/tigerfriend/C++/main.cpp,,18,13,Changes
2023-03-13T18:57:16.565+09:00,tigerfriend,Action,EditorBackSpace,C__,Editor,/Users/tigerfriend/C++/main.cpp,,18,18,Changes
2023-03-13T18:57:16.728+09:00,tigerfriend,Action,EditorBackSpace,C__,Editor,/Users/tigerfriend/C++/main.cpp,,18,17,Changes
2023-03-13T18:57:17.071+09:00,tigerfriend,Action,EditorBackSpace,C__,Editor,/Users/tigerfriend/C++/main.cpp,,18,16,Changes
2023-03-13T18:57:17.309+09:00,tigerfriend,Action,EditorBackSpace,C__,Editor,/Users/tigerfriend/C++/main.cpp,,18,15,Changes
2023-03-13T18:57:17.582+09:00,tigerfriend,Action,EditorBackSpace,C__,Editor,/Users/tigerfriend/C++/main.cpp,,18,14,Changes
2023-03-13T18:57:17.918+09:00,tigerfriend,Action,EditorBackSpace,C__,Editor,/Users/tigerfriend/C++/main.cpp,,18,13,Changes
2023-03-13T18:57:18.327+09:00,tigerfriend,Action,EditorBackSpace,C__,Editor,/Users/tigerfriend/C++/main.cpp,,18,12,Changes
2023-03-13T18:57:49.564+09:00,tigerfriend,Action,EditorBackSpace,C__,Editor,/Users/tigerfriend/C++/main.cpp,,8,21,Changes
2023-03-13T18:57:49.721+09:00,tigerfriend,Action,EditorBackSpace,C__,Editor,/Users/tigerfriend/C++/main.cpp,,8,20,Changes
2023-03-13T18:57:49.874+09:00,tigerfriend,Action,EditorBackSpace,C__,Editor,/Users/tigerfriend/C++/main.cpp,,8,19,Changes
2023-03-13T18:57:53.316+09:00,tigerfriend,Action,Stop,C__,Editor,/Users/tigerfriend/C++/main.cpp,,7,15,Changes
2023-03-13T18:57:54.789+09:00,tigerfriend,Action,Debug,C__,Editor,/Users/tigerfriend/C++/main.cpp,,7,15,Changes
2023-03-13T18:57:55.506+09:00,tigerfriend,Execution,Debug:'CMake Application: C__':,C__,Editor,/Users/tigerfriend/C++/main.cpp,,7,15,Changes
2023-03-13T18:58:14.922+09:00,tigerfriend,Action,StepInto,C__,Debug,/Users/tigerfriend/C++/main.cpp,,18,0,Changes
2023-03-13T18:58:15.919+09:00,tigerfriend,Action,StepInto,C__,Debug,/Users/tigerfriend/C++/main.cpp,,15,0,Changes
2023-03-13T18:58:23.223+09:00,tigerfriend,Action,StepInto,C__,Debug,/Users/tigerfriend/C++/main.cpp,,16,0,Changes
2023-03-13T18:58:34.253+09:00,tigerfriend,Action,StepInto,C__,Debug,/Users/tigerfriend/C++/main.cpp,,17,0,Changes
2023-03-13T18:58:36.254+09:00,tigerfriend,Action,StepInto,C__,Debug,/Users/tigerfriend/C++/main.cpp,,18,0,Changes
2023-03-13T18:58:52.011+09:00,tigerfriend,Action,StepInto,C__,Debug,/Users/tigerfriend/C++/main.cpp,,15,0,Changes
2023-03-13T18:59:00.534+09:00,tigerfriend,Action,StepInto,C__,Debug,/Users/tigerfriend/C++/main.cpp,,16,0,Changes
2023-03-13T18:59:05.342+09:00,tigerfriend,Action,StepInto,C__,Debug,/Users/tigerfriend/C++/main.cpp,,17,0,Changes
2023-03-13T18:59:05.710+09:00,tigerfriend,Action,StepInto,C__,Debug,/Users/tigerfriend/C++/main.cpp,,18,0,Changes
2023-03-13T18:59:06.443+09:00,tigerfriend,Action,StepInto,C__,Debug,/Users/tigerfriend/C++/main.cpp,,15,0,Changes
2023-03-13T18:59:06.994+09:00,tigerfriend,Action,StepInto,C__,Debug,/Users/tigerfriend/C++/main.cpp,,16,0,Changes
2023-03-13T18:59:12.361+09:00,tigerfriend,Action,StepInto,C__,Debug,/Users/tigerfriend/C++/main.cpp,,17,0,Changes
2023-03-13T18:59:13.134+09:00,tigerfriend,Action,StepInto,C__,Debug,/Users/tigerfriend/C++/main.cpp,,18,0,Changes
2023-03-13T18:59:14.257+09:00,tigerfriend,Action,StepInto,C__,Debug,/Users/tigerfriend/C++/main.cpp,,15,0,Changes
2023-03-13T18:59:14.980+09:00,tigerfriend,Action,StepInto,C__,Debug,/Users/tigerfriend/C++/main.cpp,,16,0,Changes
2023-03-13T18:59:28.155+09:00,tigerfriend,Action,Stop,C__,Editor,/Users/tigerfriend/C++/main.cpp,,15,40,Changes
2023-03-13T18:59:30.233+09:00,tigerfriend,Action,EditorEnter,C__,Editor,/Users/tigerfriend/C++/main.cpp,,15,40,Changes
2023-03-13T18:59:59.722+09:00,tigerfriend,Action,EditorBackSpace,C__,Editor,/Users/tigerfriend/C++/main.cpp,,16,16,Changes
2023-03-13T18:59:59.842+09:00,tigerfriend,Action,EditorBackSpace,C__,Editor,/Users/tigerfriend/C++/main.cpp,,16,15,Changes
2023-03-13T18:59:59.973+09:00,tigerfriend,Action,EditorBackSpace,C__,Editor,/Users/tigerfriend/C++/main.cpp,,16,14,Changes
2023-03-13T19:00:00.084+09:00,tigerfriend,Action,EditorBackSpace,C__,Editor,/Users/tigerfriend/C++/main.cpp,,16,13,Changes
2023-03-13T19:00:01.875+09:00,tigerfriend,Action,EditorBackSpace,C__,Editor,/Users/tigerfriend/C++/main.cpp,,16,19,Changes
2023-03-13T19:00:05.499+09:00,tigerfriend,Action,EditorRight,C__,Editor,/Users/tigerfriend/C++/main.cpp,,16,27,Changes
2023-03-13T19:00:09.843+09:00,tigerfriend,Action,EditorRight,C__,Editor,/Users/tigerfriend/C++/main.cpp,,16,36,Changes
2023-03-13T19:00:13.454+09:00,tigerfriend,Action,Debug,C__,Editor,/Users/tigerfriend/C++/main.cpp,,16,44,Changes
2023-03-13T19:00:14.164+09:00,tigerfriend,Execution,Debug:'CMake Application: C__':,C__,Editor,/Users/tigerfriend/C++/main.cpp,,16,44,Changes
2023-03-13T19:00:31.608+09:00,tigerfriend,Action,Stop,C__,Editor,/Users/tigerfriend/C++/main.cpp,,19,0,Changes
2023-03-13T19:00:34.828+09:00,tigerfriend,Action,EditorBackSpace,C__,Editor,/Users/tigerfriend/C++/main.cpp,,16,44,Changes
2023-03-13T19:00:39.690+09:00,tigerfriend,Action,EditorBackSpace,C__,Editor,/Users/tigerfriend/C++/main.cpp,,19,9,Changes
2023-03-13T19:00:45.991+09:00,tigerfriend,Action,EditorBackSpace,C__,Editor,/Users/tigerfriend/C++/main.cpp,,10,11,Changes
2023-03-13T19:00:46.099+09:00,tigerfriend,Action,EditorBackSpace,C__,Editor,/Users/tigerfriend/C++/main.cpp,,10,10,Changes
2023-03-13T19:00:46.261+09:00,tigerfriend,Action,EditorBackSpace,C__,Editor,/Users/tigerfriend/C++/main.cpp,,10,9,Changes
2023-03-13T19:00:48.726+09:00,tigerfriend,Action,EditorBackSpace,C__,Editor,/Users/tigerfriend/C++/main.cpp,,10,15,Changes
2023-03-13T19:00:48.887+09:00,tigerfriend,Action,EditorBackSpace,C__,Editor,/Users/tigerfriend/C++/main.cpp,,10,14,Changes
2023-03-13T19:00:50.180+09:00,tigerfriend,Action,EditorBackSpace,C__,Editor,/Users/tigerfriend/C++/main.cpp,,10,13,Changes
2023-03-13T19:00:55.790+09:00,tigerfriend,Action,EditorEnter,C__,Editor,/Users/tigerfriend/C++/main.cpp,,10,14,Changes
2023-03-13T19:01:00.535+09:00,tigerfriend,Action,EditorEnter,C__,Editor,/Users/tigerfriend/C++/main.cpp,,11,15,Changes
2023-03-13T19:01:26.727+09:00,tigerfriend,Action,EditorRight,C__,Editor,/Users/tigerfriend/C++/main.cpp,,12,28,Changes
2023-03-13T19:01:27.500+09:00,tigerfriend,Action,EditorEnter,C__,Editor,/Users/tigerfriend/C++/main.cpp,,12,30,Changes
2023-03-13T19:01:36.091+09:00,tigerfriend,Action,EditorBackSpace,C__,Editor,/Users/tigerfriend/C++/main.cpp,,13,14,Changes
2023-03-13T19:01:36.878+09:00,tigerfriend,Action,EditorBackSpace,C__,Editor,/Users/tigerfriend/C++/main.cpp,,13,15,Changes
2023-03-13T19:01:47.982+09:00,tigerfriend,Action,EditorBackSpace,C__,Editor,/Users/tigerfriend/C++/main.cpp,,13,24,Changes
2023-03-13T19:01:53.129+09:00,tigerfriend,Action,EditorLeft,C__,Editor,/Users/tigerfriend/C++/main.cpp,,13,26,Changes
2023-03-13T19:01:53.629+09:00,tigerfriend,Action,EditorLeft,C__,Editor,/Users/tigerfriend/C++/main.cpp,,13,25,Changes
2023-03-13T19:01:53.710+09:00,tigerfriend,Action,EditorLeft,C__,Editor,/Users/tigerfriend/C++/main.cpp,,13,24,Changes
2023-03-13T19:01:53.797+09:00,tigerfriend,Action,EditorLeft,C__,Editor,/Users/tigerfriend/C++/main.cpp,,13,23,Changes
2023-03-13T19:01:53.881+09:00,tigerfriend,Action,EditorLeft,C__,Editor,/Users/tigerfriend/C++/main.cpp,,13,22,Changes
2023-03-13T19:01:53.964+09:00,tigerfriend,Action,EditorLeft,C__,Editor,/Users/tigerfriend/C++/main.cpp,,13,21,Changes
2023-03-13T19:01:54.049+09:00,tigerfriend,Action,EditorLeft,C__,Editor,/Users/tigerfriend/C++/main.cpp,,13,20,Changes
2023-03-13T19:01:54.133+09:00,tigerfriend,Action,EditorLeft,C__,Editor,/Users/tigerfriend/C++/main.cpp,,13,19,Changes
2023-03-13T19:01:54.213+09:00,tigerfriend,Action,EditorLeft,C__,Editor,/Users/tigerfriend/C++/main.cpp,,13,18,Changes
2023-03-13T19:01:54.296+09:00,tigerfriend,Action,EditorLeft,C__,Editor,/Users/tigerfriend/C++/main.cpp,,13,17,Changes
2023-03-13T19:01:54.380+09:00,tigerfriend,Action,EditorLeft,C__,Editor,/Users/tigerfriend/C++/main.cpp,,13,16,Changes
2023-03-13T19:01:56.929+09:00,tigerfriend,Action,EditorLeft,C__,Editor,/Users/tigerfriend/C++/main.cpp,,13,17,Changes
2023-03-13T19:02:18.108+09:00,tigerfriend,Action,EditorBackSpace,C__,Editor,/Users/tigerfriend/C++/main.cpp,,13,30,Changes
2023-03-13T19:02:23.061+09:00,tigerfriend,Action,EditorEnter,C__,Editor,/Users/tigerfriend/C++/main.cpp,,12,30,Changes
2023-03-13T19:02:27.344+09:00,tigerfriend,Action,EditorBackSpace,C__,Editor,/Users/tigerfriend/C++/main.cpp,,13,17,Changes
2023-03-13T19:02:31.742+09:00,tigerfriend,Action,EditorEnter,C__,Editor,/Users/tigerfriend/C++/main.cpp,,13,18,Changes
2023-03-13T19:03:08.405+09:00,tigerfriend,Action,Debug,C__,Editor,/Users/tigerfriend/C++/main.cpp,,19,26,Changes
2023-03-13T19:03:09.181+09:00,tigerfriend,Execution,Debug:'CMake Application: C__':,C__,Editor,/Users/tigerfriend/C++/main.cpp,,19,26,Changes
2023-03-13T19:03:23.315+09:00,tigerfriend,Action,Run,C__,Editor,/Users/tigerfriend/C++/main.cpp,,9,28,Changes
2023-03-13T19:03:23.643+09:00,tigerfriend,Execution,Run:'CMake Application: C__':/Users/tigerfriend/C++/cmake-build-debug/C__,C__,Editor,/Users/tigerfriend/C++/main.cpp,,9,28,Changes
2023-03-13T19:04:26.310+09:00,tigerfriend,Action,EditorBackSpace,C__,Editor,/Users/tigerfriend/C++/main.cpp,,20,8,Changes
2023-03-13T19:04:27.297+09:00,tigerfriend,Action,EditorBackSpace,C__,Editor,/Users/tigerfriend/C++/main.cpp,,20,8,Changes
2023-03-13T19:04:32.327+09:00,tigerfriend,Action,EditorBackSpace,C__,Editor,/Users/tigerfriend/C++/main.cpp,,21,8,Changes
2023-03-13T19:04:35.885+09:00,tigerfriend,Action,EditorEnter,C__,Editor,/Users/tigerfriend/C++/main.cpp,,20,22,Changes
2023-03-13T19:04:44.759+09:00,tigerfriend,Action,Run,C__,Editor,/Users/tigerfriend/C++/main.cpp,,21,24,Changes
2023-03-13T19:04:45.586+09:00,tigerfriend,Execution,Run:'CMake Application: C__':/Users/tigerfriend/C++/cmake-build-debug/C__,C__,Editor,/Users/tigerfriend/C++/main.cpp,,21,24,Changes
2023-03-13T19:04:51.898+09:00,tigerfriend,Action,EditorBackSpace,C__,Editor,/Users/tigerfriend/C++/main.cpp,,22,0,Changes
2023-03-13T19:05:10.505+09:00,tigerfriend,Action,ToggleLineBreakpoint,C__,Editor,/Users/tigerfriend/C++/main.cpp,,21,24,Changes
2023-03-13T19:05:11.756+09:00,tigerfriend,Action,Debug,C__,Editor,/Users/tigerfriend/C++/main.cpp,,21,24,Changes
2023-03-13T19:05:12.366+09:00,tigerfriend,Execution,Debug:'CMake Application: C__':,C__,Editor,/Users/tigerfriend/C++/main.cpp,,21,24,Changes
2023-03-13T19:06:00.789+09:00,tigerfriend,Action,StepInto,C__,Debug,/Users/tigerfriend/C++/main.cpp,,19,0,Changes
2023-03-13T19:06:05.358+09:00,tigerfriend,Action,StepInto,C__,Debug,/Users/tigerfriend/C++/main.cpp,,21,0,Changes
2023-03-13T19:06:25.701+09:00,tigerfriend,Action,StepInto,C__,Debug,/Users/tigerfriend/C++/main.cpp,,23,0,Changes
2023-03-13T19:07:24.789+09:00,tigerfriend,Action,EditorBackSpace,C__,Editor,/Users/tigerfriend/C++/main.cpp,,8,22,Changes
2023-03-13T19:07:24.940+09:00,tigerfriend,Action,EditorBackSpace,C__,Editor,/Users/tigerfriend/C++/main.cpp,,8,21,Changes
2023-03-13T19:07:25.107+09:00,tigerfriend,Action,EditorBackSpace,C__,Editor,/Users/tigerfriend/C++/main.cpp,,8,20,Changes
2023-03-13T19:07:25.331+09:00,tigerfriend,Action,EditorBackSpace,C__,Editor,/Users/tigerfriend/C++/main.cpp,,8,19,Changes
2023-03-13T19:07:34.298+09:00,tigerfriend,Action,EditorEnter,C__,Editor,/Users/tigerfriend/C++/main.cpp,,14,19,Changes
2023-03-13T19:07:38.125+09:00,tigerfriend,Action,EditorBackSpace,C__,Editor,/Users/tigerfriend/C++/main.cpp,,15,14,Changes
2023-03-13T19:07:40.227+09:00,tigerfriend,Action,EditorBackSpace,C__,Editor,/Users/tigerfriend/C++/main.cpp,,15,13,Changes
2023-03-13T19:07:40.968+09:00,tigerfriend,Action,EditorBackSpace,C__,Editor,/Users/tigerfriend/C++/main.cpp,,15,12,Changes
2023-03-13T19:07:47.596+09:00,tigerfriend,Action,Stop,C__,Editor,/Users/tigerfriend/C++/main.cpp,,15,36,Changes
2023-03-13T19:07:49.116+09:00,tigerfriend,Action,Debug,C__,Editor,/Users/tigerfriend/C++/main.cpp,,15,36,Changes
2023-03-13T19:07:49.808+09:00,tigerfriend,Execution,Debug:'CMake Application: C__':,C__,Editor,/Users/tigerfriend/C++/main.cpp,,15,36,Changes
2023-03-13T19:08:08.164+09:00,tigerfriend,Action,StepInto,C__,Debug,/Users/tigerfriend/C++/main.cpp,,19,0,Changes
2023-03-13T19:08:10.437+09:00,tigerfriend,Action,StepInto,C__,Debug,/Users/tigerfriend/C++/main.cpp,,21,0,Changes
2023-03-13T19:08:34.228+09:00,tigerfriend,Action,EditorBackSpace,C__,Editor,/Users/tigerfriend/C++/main.cpp,,15,34,Changes
2023-03-13T19:08:34.372+09:00,tigerfriend,Action,EditorBackSpace,C__,Editor,/Users/tigerfriend/C++/main.cpp,,15,33,Changes
2023-03-13T19:08:34.541+09:00,tigerfriend,Action,EditorBackSpace,C__,Editor,/Users/tigerfriend/C++/main.cpp,,15,32,Changes
2023-03-13T19:08:34.833+09:00,tigerfriend,Action,EditorBackSpace,C__,Editor,/Users/tigerfriend/C++/main.cpp,,15,31,Changes
2023-03-13T19:08:36.932+09:00,tigerfriend,Action,Stop,C__,Editor,/Users/tigerfriend/C++/main.cpp,,15,30,Changes
2023-03-13T19:08:39.421+09:00,tigerfriend,Action,Debug,C__,Editor,/Users/tigerfriend/C++/main.cpp,,15,30,Changes
2023-03-13T19:08:40.126+09:00,tigerfriend,Execution,Debug:'CMake Application: C__':,C__,Editor,/Users/tigerfriend/C++/main.cpp,,15,30,Changes
2023-03-13T19:08:51.263+09:00,tigerfriend,Action,StepInto,C__,Debug,/Users/tigerfriend/C++/main.cpp,,19,0,Changes
2023-03-13T19:08:51.930+09:00,tigerfriend,Action,StepInto,C__,Debug,/Users/tigerfriend/C++/main.cpp,,21,0,Changes
2023-03-13T19:09:06.714+09:00,tigerfriend,Action,StepInto,C__,Debug,/Users/tigerfriend/C++/main.cpp,,23,0,Changes
2023-03-13T19:09:11.170+09:00,tigerfriend,Action,StepInto,C__,Debug,/Users/tigerfriend/C++/main.cpp,,24,0,Changes
2023-03-13T19:09:12.970+09:00,tigerfriend,Action,StepInto,C__,Debug,/Users/tigerfriend/C++/main.cpp,,19,0,Changes
2023-03-13T19:09:15.686+09:00,tigerfriend,Action,StepInto,C__,Debug,/Users/tigerfriend/C++/main.cpp,,21,0,Changes
2023-03-13T19:09:21.497+09:00,tigerfriend,Action,StepInto,C__,Editor,/Users/tigerfriend/C++/main.cpp,,23,0,Changes
2023-03-13T19:09:22.156+09:00,tigerfriend,Action,StepInto,C__,Editor,/Users/tigerfriend/C++/main.cpp,,24,0,Changes
2023-03-13T19:09:26.261+09:00,tigerfriend,Action,Stop,C__,Editor,/Users/tigerfriend/C++/main.cpp,,19,0,Changes
2023-03-13T19:09:29.066+09:00,tigerfriend,Action,Run,C__,Editor,/Users/tigerfriend/C++/main.cpp,,19,0,Changes
2023-03-13T19:09:29.363+09:00,tigerfriend,Execution,Run:'CMake Application: C__':/Users/tigerfriend/C++/cmake-build-debug/C__,C__,Editor,/Users/tigerfriend/C++/main.cpp,,19,0,Changes
2023-03-13T19:09:39.352+09:00,tigerfriend,Action,EditorBackSpace,C__,Editor,/Users/tigerfriend/C++/main.cpp,,18,0,Changes
2023-03-13T19:09:39.808+09:00,tigerfriend,Action,EditorBackSpace,C__,Editor,/Users/tigerfriend/C++/main.cpp,,18,0,Changes
2023-03-13T19:09:41.999+09:00,tigerfriend,Action,EditorBackSpace,C__,Editor,/Users/tigerfriend/C++/main.cpp,,21,3,Changes
2023-03-13T19:09:42.285+09:00,tigerfriend,Action,EditorBackSpace,C__,Editor,/Users/tigerfriend/C++/main.cpp,,21,3,Changes
2023-03-13T19:09:48.107+09:00,tigerfriend,Action,SaveAll,C__,Editor,/Users/tigerfriend/C++/main.cpp,,8,27,Changes
2023-03-13T19:10:59.018+09:00,tigerfriend,Action,SaveAll,C__,Editor,/Users/tigerfriend/Library/Application Support/JetBrains/CLion2022.3/plugins/activity-tracker/ide-events.csv,,4,37,Changes
