2023-03-15T17:14:53.412+09:00,tigerfriend,Action,EditorEnter,cart,Editor,/Users/tigerfriend/C++/cart/main.cpp,,3,0,Changes
2023-03-15T17:14:59.804+09:00,tigerfriend,Action,EditorEnter,cart,Editor,/Users/tigerfriend/C++/cart/main.cpp,,1,17,Changes
2023-03-15T17:15:01.291+09:00,tigerfriend,Action,EditorChooseLookupItem,cart,Editor,/Users/tigerfriend/C++/cart/main.cpp,,2,5,Changes
2023-03-15T17:15:02.376+09:00,tigerfriend,Action,EditorRight,cart,Editor,/Users/tigerfriend/C++/cart/main.cpp,,2,10,Changes
2023-03-15T17:15:02.690+09:00,tigerfriend,Action,EditorBackSpace,cart,Editor,/Users/tigerfriend/C++/cart/main.cpp,,2,11,Changes
2023-03-15T17:15:02.794+09:00,tigerfriend,Action,EditorBackSpace,cart,Editor,/Users/tigerfriend/C++/cart/main.cpp,,2,10,Changes
2023-03-15T17:15:08.981+09:00,tigerfriend,Action,EditorChooseLookupItem,cart,Editor,/Users/tigerfriend/C++/cart/main.cpp,,4,5,Changes
2023-03-15T17:15:13.211+09:00,tigerfriend,Action,EditorEnter,cart,Editor,/Users/tigerfriend/C++/cart/main.cpp,,4,12,Changes
2023-03-15T17:15:16.739+09:00,tigerfriend,Action,EditorEnter,cart,Editor,/Users/tigerfriend/C++/cart/main.cpp,,5,11,Changes
2023-03-15T17:15:19.867+09:00,tigerfriend,Action,EditorEnter,cart,Editor,/Users/tigerfriend/C++/cart/main.cpp,,6,16,Changes
2023-03-15T17:15:21.158+09:00,tigerfriend,Action,EditorBackSpace,cart,Editor,/Users/tigerfriend/C++/cart/main.cpp,,7,6,Changes
2023-03-15T17:15:21.269+09:00,tigerfriend,Action,EditorBackSpace,cart,Editor,/Users/tigerfriend/C++/cart/main.cpp,,7,5,Changes
2023-03-15T17:15:24.929+09:00,tigerfriend,Action,EditorEnter,cart,Editor,/Users/tigerfriend/C++/cart/main.cpp,,7,17,Changes
2023-03-15T17:15:33.263+09:00,tigerfriend,Action,EditorBackSpace,cart,Editor,/Users/tigerfriend/C++/cart/main.cpp,,12,4,Changes
2023-03-15T17:15:41.762+09:00,tigerfriend,Action,EditorEnter,cart,Editor,/Users/tigerfriend/C++/cart/main.cpp,,12,21,Changes
2023-03-15T17:15:47.687+09:00,tigerfriend,Action,EditorEnter,cart,Editor,/Users/tigerfriend/C++/cart/main.cpp,,13,21,Changes
2023-03-15T17:15:48.902+09:00,tigerfriend,Action,EditorBackSpace,cart,Editor,/Users/tigerfriend/C++/cart/main.cpp,,14,6,Changes
2023-03-15T17:15:49.027+09:00,tigerfriend,Action,EditorBackSpace,cart,Editor,/Users/tigerfriend/C++/cart/main.cpp,,14,5,Changes
2023-03-15T17:15:50.212+09:00,tigerfriend,Action,EditorBackSpace,cart,Editor,/Users/tigerfriend/C++/cart/main.cpp,,14,10,Changes
2023-03-15T17:15:50.331+09:00,tigerfriend,Action,EditorBackSpace,cart,Editor,/Users/tigerfriend/C++/cart/main.cpp,,14,9,Changes
2023-03-15T17:15:51.327+09:00,tigerfriend,Action,EditorBackSpace,cart,Editor,/Users/tigerfriend/C++/cart/main.cpp,,14,10,Changes
2023-03-15T17:15:54.548+09:00,tigerfriend,Action,EditorChooseLookupItem,cart,Editor,/Users/tigerfriend/C++/cart/main.cpp,,14,10,Changes
2023-03-15T17:15:56.675+09:00,tigerfriend,Action,EditorBackSpace,cart,Editor,/Users/tigerfriend/C++/cart/main.cpp,,14,12,Changes
2023-03-15T17:15:57.844+09:00,tigerfriend,Action,EditorBackSpace,cart,Editor,/Users/tigerfriend/C++/cart/main.cpp,,14,15,Changes
2023-03-15T17:15:57.963+09:00,tigerfriend,Action,EditorBackSpace,cart,Editor,/Users/tigerfriend/C++/cart/main.cpp,,14,14,Changes
2023-03-15T17:15:58.090+09:00,tigerfriend,Action,EditorBackSpace,cart,Editor,/Users/tigerfriend/C++/cart/main.cpp,,14,13,Changes
2023-03-15T17:16:05.582+09:00,tigerfriend,Action,EditorEnter,cart,Editor,/Users/tigerfriend/C++/cart/main.cpp,,14,23,Changes
2023-03-15T17:16:09.132+09:00,tigerfriend,Action,EditorBackSpace,cart,Editor,/Users/tigerfriend/C++/cart/main.cpp,,15,14,Changes
2023-03-15T17:16:10.169+09:00,tigerfriend,Action,EditorRight,cart,Editor,/Users/tigerfriend/C++/cart/main.cpp,,15,15,Changes
2023-03-15T17:16:11.766+09:00,tigerfriend,Action,EditorEnter,cart,Editor,/Users/tigerfriend/C++/cart/main.cpp,,15,17,Changes
2023-03-15T17:16:20.256+09:00,tigerfriend,Action,EditorLeft,cart,Editor,/Users/tigerfriend/C++/cart/main.cpp,,16,20,Changes
2023-03-15T17:16:20.390+09:00,tigerfriend,Action,EditorLeft,cart,Editor,/Users/tigerfriend/C++/cart/main.cpp,,16,19,Changes
2023-03-15T17:16:20.702+09:00,tigerfriend,Action,EditorLeft,cart,Editor,/Users/tigerfriend/C++/cart/main.cpp,,16,18,Changes
2023-03-15T17:16:21.236+09:00,tigerfriend,Action,EditorRight,cart,Editor,/Users/tigerfriend/C++/cart/main.cpp,,16,18,Changes
2023-03-15T17:16:21.352+09:00,tigerfriend,Action,EditorRight,cart,Editor,/Users/tigerfriend/C++/cart/main.cpp,,16,19,Changes
2023-03-15T17:16:21.495+09:00,tigerfriend,Action,EditorRight,cart,Editor,/Users/tigerfriend/C++/cart/main.cpp,,16,20,Changes
2023-03-15T17:16:24.394+09:00,tigerfriend,Action,EditorRight,cart,Editor,/Users/tigerfriend/C++/cart/main.cpp,,16,26,Changes
2023-03-15T17:16:24.556+09:00,tigerfriend,Action,EditorRight,cart,Editor,/Users/tigerfriend/C++/cart/main.cpp,,16,27,Changes
2023-03-15T17:16:24.834+09:00,tigerfriend,Action,EditorLeft,cart,Editor,/Users/tigerfriend/C++/cart/main.cpp,,17,0,Changes
2023-03-15T17:16:27.296+09:00,tigerfriend,Action,EditorBackSpace,cart,Editor,/Users/tigerfriend/C++/cart/main.cpp,,16,32,Changes
2023-03-15T17:16:27.425+09:00,tigerfriend,Action,EditorBackSpace,cart,Editor,/Users/tigerfriend/C++/cart/main.cpp,,16,31,Changes
2023-03-15T17:16:27.555+09:00,tigerfriend,Action,EditorBackSpace,cart,Editor,/Users/tigerfriend/C++/cart/main.cpp,,16,30,Changes
2023-03-15T17:16:29.659+09:00,tigerfriend,Action,EditorBackSpace,cart,Editor,/Users/tigerfriend/C++/cart/main.cpp,,16,35,Changes
2023-03-15T17:16:29.773+09:00,tigerfriend,Action,EditorBackSpace,cart,Editor,/Users/tigerfriend/C++/cart/main.cpp,,16,34,Changes
2023-03-15T17:16:31.088+09:00,tigerfriend,Action,EditorEnter,cart,Editor,/Users/tigerfriend/C++/cart/main.cpp,,16,34,Changes
2023-03-15T17:16:39.935+09:00,tigerfriend,Action,EditorRight,cart,Editor,/Users/tigerfriend/C++/cart/main.cpp,,17,29,Changes
2023-03-15T17:16:41.388+09:00,tigerfriend,Action,EditorBackSpace,cart,Editor,/Users/tigerfriend/C++/cart/main.cpp,,17,34,Changes
2023-03-15T17:16:41.521+09:00,tigerfriend,Action,EditorBackSpace,cart,Editor,/Users/tigerfriend/C++/cart/main.cpp,,17,33,Changes
2023-03-15T17:16:42.803+09:00,tigerfriend,Action,EditorEnter,cart,Editor,/Users/tigerfriend/C++/cart/main.cpp,,17,37,Changes
2023-03-15T17:16:48.638+09:00,tigerfriend,Action,EditorBackSpace,cart,Editor,/Users/tigerfriend/C++/cart/main.cpp,,18,19,Changes
2023-03-15T17:16:52.943+09:00,tigerfriend,Action,EditorRight,cart,Editor,/Users/tigerfriend/C++/cart/main.cpp,,18,35,Changes
2023-03-15T17:16:55.653+09:00,tigerfriend,Action,EditorEnter,cart,Editor,/Users/tigerfriend/C++/cart/main.cpp,,18,43,Changes
2023-03-15T17:16:59.913+09:00,tigerfriend,Action,EditorBackSpace,cart,Editor,/Users/tigerfriend/C++/cart/main.cpp,,19,18,Changes
2023-03-15T17:17:00.033+09:00,tigerfriend,Action,EditorBackSpace,cart,Editor,/Users/tigerfriend/C++/cart/main.cpp,,19,17,Changes
2023-03-15T17:17:04.447+09:00,tigerfriend,Action,EditorRight,cart,Editor,/Users/tigerfriend/C++/cart/main.cpp,,19,33,Changes
2023-03-15T17:17:06.995+09:00,tigerfriend,Action,EditorEnter,cart,Editor,/Users/tigerfriend/C++/cart/main.cpp,,19,41,Changes
2023-03-15T17:17:10.193+09:00,tigerfriend,Action,EditorBackSpace,cart,Editor,/Users/tigerfriend/C++/cart/main.cpp,,20,15,Changes
2023-03-15T17:17:13.705+09:00,tigerfriend,Action,EditorRight,cart,Editor,/Users/tigerfriend/C++/cart/main.cpp,,20,22,Changes
2023-03-15T17:17:15.152+09:00,tigerfriend,Action,EditorBackSpace,cart,Editor,/Users/tigerfriend/C++/cart/main.cpp,,20,28,Changes
2023-03-15T17:17:15.271+09:00,tigerfriend,Action,EditorBackSpace,cart,Editor,/Users/tigerfriend/C++/cart/main.cpp,,20,27,Changes
2023-03-15T17:17:15.404+09:00,tigerfriend,Action,EditorBackSpace,cart,Editor,/Users/tigerfriend/C++/cart/main.cpp,,20,26,Changes
2023-03-15T17:17:17.452+09:00,tigerfriend,Action,EditorEnter,cart,Editor,/Users/tigerfriend/C++/cart/main.cpp,,20,30,Changes
2023-03-15T17:17:24.931+09:00,tigerfriend,Action,EditorBackSpace,cart,Editor,/Users/tigerfriend/C++/cart/main.cpp,,21,25,Changes
2023-03-15T17:17:25.000+09:00,tigerfriend,Action,EditorBackSpace,cart,Editor,/Users/tigerfriend/C++/cart/main.cpp,,21,24,Changes
2023-03-15T17:17:25.131+09:00,tigerfriend,Action,EditorBackSpace,cart,Editor,/Users/tigerfriend/C++/cart/main.cpp,,21,23,Changes
2023-03-15T17:17:25.260+09:00,tigerfriend,Action,EditorBackSpace,cart,Editor,/Users/tigerfriend/C++/cart/main.cpp,,21,22,Changes
2023-03-15T17:17:28.348+09:00,tigerfriend,Action,EditorBackSpace,cart,Editor,/Users/tigerfriend/C++/cart/main.cpp,,21,31,Changes
2023-03-15T17:17:29.062+09:00,tigerfriend,Action,EditorRight,cart,Editor,/Users/tigerfriend/C++/cart/main.cpp,,21,32,Changes
2023-03-15T17:17:33.221+09:00,tigerfriend,Action,EditorBackSpace,cart,Editor,/Users/tigerfriend/C++/cart/main.cpp,,21,35,Changes
2023-03-15T17:17:34.170+09:00,tigerfriend,Action,EditorLeft,cart,Editor,/Users/tigerfriend/C++/cart/main.cpp,,21,34,Changes
2023-03-15T17:17:34.422+09:00,tigerfriend,Action,EditorLeft,cart,Editor,/Users/tigerfriend/C++/cart/main.cpp,,21,33,Changes
2023-03-15T17:17:38.113+09:00,tigerfriend,Action,EditorEnter,cart,Editor,/Users/tigerfriend/C++/cart/main.cpp,,21,36,Changes
2023-03-15T17:17:43.074+09:00,tigerfriend,Action,EditorEnter,cart,Editor,/Users/tigerfriend/C++/cart/main.cpp,,22,22,Changes
2023-03-15T17:17:46.489+09:00,tigerfriend,Action,EditorUp,cart,Editor,/Users/tigerfriend/C++/cart/main.cpp,,23,19,Changes
2023-03-15T17:17:46.495+09:00,tigerfriend,Action,EditorDown,cart,Editor,/Users/tigerfriend/C++/cart/main.cpp,,23,19,Changes
2023-03-15T17:17:47.034+09:00,tigerfriend,Action,EditorChooseLookupItem,cart,Editor,/Users/tigerfriend/C++/cart/main.cpp,,23,19,Changes
2023-03-15T17:17:48.768+09:00,tigerfriend,Action,EditorEnter,cart,Editor,/Users/tigerfriend/C++/cart/main.cpp,,23,23,Changes
2023-03-15T17:17:53.683+09:00,tigerfriend,Action,EditorEnter,cart,Editor,/Users/tigerfriend/C++/cart/main.cpp,,24,20,Changes
2023-03-15T17:17:59.351+09:00,tigerfriend,Action,EditorEnter,cart,Editor,/Users/tigerfriend/C++/cart/main.cpp,,25,28,Changes
2023-03-15T17:18:06.793+09:00,tigerfriend,Action,EditorChooseLookupItem,cart,Editor,/Users/tigerfriend/C++/cart/main.cpp,,26,17,Changes
2023-03-15T17:18:07.312+09:00,tigerfriend,Action,EditorRight,cart,Editor,/Users/tigerfriend/C++/cart/main.cpp,,26,24,Changes
2023-03-15T17:18:07.985+09:00,tigerfriend,Action,EditorEnter,cart,Editor,/Users/tigerfriend/C++/cart/main.cpp,,26,26,Changes
2023-03-15T17:18:11.474+09:00,tigerfriend,Action,EditorEnter,cart,Editor,/Users/tigerfriend/C++/cart/main.cpp,,27,19,Changes
2023-03-15T17:18:24.811+09:00,tigerfriend,Action,EditorBackSpace,cart,Editor,/Users/tigerfriend/C++/cart/main.cpp,,28,52,Changes
2023-03-15T17:18:28.059+09:00,tigerfriend,Action,EditorBackSpace,cart,Editor,/Users/tigerfriend/C++/cart/main.cpp,,28,61,Changes
2023-03-15T17:18:28.170+09:00,tigerfriend,Action,EditorBackSpace,cart,Editor,/Users/tigerfriend/C++/cart/main.cpp,,28,60,Changes
2023-03-15T17:18:28.261+09:00,tigerfriend,Action,EditorBackSpace,cart,Editor,/Users/tigerfriend/C++/cart/main.cpp,,28,59,Changes
2023-03-15T17:18:28.590+09:00,tigerfriend,Action,EditorBackSpace,cart,Editor,/Users/tigerfriend/C++/cart/main.cpp,,28,58,Changes
2023-03-15T17:18:32.747+09:00,tigerfriend,Action,EditorRight,cart,Editor,/Users/tigerfriend/C++/cart/main.cpp,,28,65,Changes
2023-03-15T17:18:40.077+09:00,tigerfriend,Action,EditorBackSpace,cart,Editor,/Users/tigerfriend/C++/cart/main.cpp,,28,76,Changes
2023-03-15T17:18:43.714+09:00,tigerfriend,Action,EditorRight,cart,Editor,/Users/tigerfriend/C++/cart/main.cpp,,28,85,Changes
2023-03-15T17:18:48.178+09:00,tigerfriend,Action,EditorEnter,cart,Editor,/Users/tigerfriend/C++/cart/main.cpp,,28,93,Changes
2023-03-15T17:18:59.804+09:00,tigerfriend,Action,EditorBackSpace,cart,Editor,/Users/tigerfriend/C++/cart/main.cpp,,29,40,Changes
2023-03-15T17:18:59.914+09:00,tigerfriend,Action,EditorBackSpace,cart,Editor,/Users/tigerfriend/C++/cart/main.cpp,,29,39,Changes
2023-03-15T17:19:03.777+09:00,tigerfriend,Action,EditorBackSpace,cart,Editor,/Users/tigerfriend/C++/cart/main.cpp,,29,45,Changes
2023-03-15T17:19:03.870+09:00,tigerfriend,Action,EditorBackSpace,cart,Editor,/Users/tigerfriend/C++/cart/main.cpp,,29,44,Changes
2023-03-15T17:19:03.980+09:00,tigerfriend,Action,EditorBackSpace,cart,Editor,/Users/tigerfriend/C++/cart/main.cpp,,29,43,Changes
2023-03-15T17:19:04.103+09:00,tigerfriend,Action,EditorBackSpace,cart,Editor,/Users/tigerfriend/C++/cart/main.cpp,,29,42,Changes
2023-03-15T17:19:04.238+09:00,tigerfriend,Action,EditorBackSpace,cart,Editor,/Users/tigerfriend/C++/cart/main.cpp,,29,41,Changes
2023-03-15T17:19:05.490+09:00,tigerfriend,Action,EditorChooseLookupItem,cart,Editor,/Users/tigerfriend/C++/cart/main.cpp,,29,42,Changes
2023-03-15T17:19:07.114+09:00,tigerfriend,Action,EditorEnter,cart,Editor,/Users/tigerfriend/C++/cart/main.cpp,,29,46,Changes
2023-03-15T17:19:10.847+09:00,tigerfriend,Action,EditorChooseLookupItem,cart,Editor,/Users/tigerfriend/C++/cart/main.cpp,,30,26,Changes
2023-03-15T17:19:12.095+09:00,tigerfriend,Action,EditorRight,cart,Editor,/Users/tigerfriend/C++/cart/main.cpp,,30,31,Changes
2023-03-15T17:19:13.297+09:00,tigerfriend,Action,EditorEnter,cart,Editor,/Users/tigerfriend/C++/cart/main.cpp,,30,33,Changes
2023-03-15T17:19:28.950+09:00,tigerfriend,Action,EditorChooseLookupItem,cart,Editor,/Users/tigerfriend/C++/cart/main.cpp,,31,53,Changes
2023-03-15T17:19:32.178+09:00,tigerfriend,Action,EditorChooseLookupItem,cart,Editor,/Users/tigerfriend/C++/cart/main.cpp,,31,62,Changes
2023-03-15T17:19:39.104+09:00,tigerfriend,Action,EditorEnter,cart,Editor,/Users/tigerfriend/C++/cart/main.cpp,,31,67,Changes
2023-03-15T17:19:47.896+09:00,tigerfriend,Action,EditorLeft,cart,Editor,/Users/tigerfriend/C++/cart/main.cpp,,31,67,Changes
2023-03-15T17:19:50.426+09:00,tigerfriend,Action,EditorBackSpace,cart,Editor,/Users/tigerfriend/C++/cart/main.cpp,,32,24,Changes
2023-03-15T17:19:53.470+09:00,tigerfriend,Action,EditorChooseLookupItem,cart,Editor,/Users/tigerfriend/C++/cart/main.cpp,,32,26,Changes
2023-03-15T17:19:56.174+09:00,tigerfriend,Action,EditorDown,cart,Editor,/Users/tigerfriend/C++/cart/main.cpp,,32,38,Changes
2023-03-15T17:19:56.449+09:00,tigerfriend,Action,EditorChooseLookupItem,cart,Editor,/Users/tigerfriend/C++/cart/main.cpp,,32,38,Changes
2023-03-15T17:19:57.254+09:00,tigerfriend,Action,EditorRight,cart,Editor,/Users/tigerfriend/C++/cart/main.cpp,,32,42,Changes
2023-03-15T17:19:58.001+09:00,tigerfriend,Action,EditorEnter,cart,Editor,/Users/tigerfriend/C++/cart/main.cpp,,32,44,Changes
2023-03-15T17:20:00.292+09:00,tigerfriend,Action,EditorChooseLookupItem,cart,Editor,/Users/tigerfriend/C++/cart/main.cpp,,33,24,Changes
2023-03-15T17:20:04.823+09:00,tigerfriend,Action,EditorEnter,cart,Editor,/Users/tigerfriend/C++/cart/main.cpp,,33,34,Changes
2023-03-15T17:20:06.826+09:00,tigerfriend,Action,EditorChooseLookupItem,cart,Editor,/Users/tigerfriend/C++/cart/main.cpp,,34,21,Changes
2023-03-15T17:20:08.215+09:00,tigerfriend,Action,EditorBackSpace,cart,Editor,/Users/tigerfriend/C++/cart/main.cpp,,34,32,Changes
2023-03-15T17:20:08.435+09:00,tigerfriend,Action,EditorBackSpace,cart,Editor,/Users/tigerfriend/C++/cart/main.cpp,,34,31,Changes
2023-03-15T17:20:10.782+09:00,tigerfriend,Action,EditorBackSpace,cart,Editor,/Users/tigerfriend/C++/cart/main.cpp,,34,34,Changes
2023-03-15T17:20:13.800+09:00,tigerfriend,Action,EditorChooseLookupItem,cart,Editor,/Users/tigerfriend/C++/cart/main.cpp,,34,34,Changes
2023-03-15T17:20:15.978+09:00,tigerfriend,Action,EditorChooseLookupItem,cart,Editor,/Users/tigerfriend/C++/cart/main.cpp,,34,39,Changes
2023-03-15T17:20:18.028+09:00,tigerfriend,Action,EditorEnter,cart,Editor,/Users/tigerfriend/C++/cart/main.cpp,,34,47,Changes
2023-03-15T17:20:21.522+09:00,tigerfriend,Action,EditorBackSpace,cart,Editor,/Users/tigerfriend/C++/cart/main.cpp,,35,28,Changes
2023-03-15T17:20:22.028+09:00,tigerfriend,Action,EditorBackSpace,cart,Editor,/Users/tigerfriend/C++/cart/main.cpp,,35,28,Changes
2023-03-15T17:20:24.863+09:00,tigerfriend,Action,EditorRight,cart,Editor,/Users/tigerfriend/C++/cart/main.cpp,,35,32,Changes
2023-03-15T17:20:27.371+09:00,tigerfriend,Action,EditorDown,cart,Editor,/Users/tigerfriend/C++/cart/main.cpp,,35,38,Changes
2023-03-15T17:20:27.845+09:00,tigerfriend,Action,EditorChooseLookupItem,cart,Editor,/Users/tigerfriend/C++/cart/main.cpp,,35,38,Changes
2023-03-15T17:20:40.420+09:00,tigerfriend,Action,EditorRight,cart,Editor,/Users/tigerfriend/C++/cart/main.cpp,,35,68,Changes
2023-03-15T17:20:45.201+09:00,tigerfriend,Action,EditorEnter,cart,Editor,/Users/tigerfriend/C++/cart/main.cpp,,36,17,Changes
2023-03-15T17:20:48.073+09:00,tigerfriend,Action,EditorEnter,cart,Editor,/Users/tigerfriend/C++/cart/main.cpp,,37,22,Changes
2023-03-15T17:20:54.768+09:00,tigerfriend,Action,EditorRight,cart,Editor,/Users/tigerfriend/C++/cart/main.cpp,,38,38,Changes
2023-03-15T17:20:58.788+09:00,tigerfriend,Action,EditorEnter,cart,Editor,/Users/tigerfriend/C++/cart/main.cpp,,38,40,Changes
2023-03-15T17:21:15.849+09:00,tigerfriend,Action,EditorChooseLookupItem,cart,Editor,/Users/tigerfriend/C++/cart/main.cpp,,39,56,Changes
2023-03-15T17:21:19.818+09:00,tigerfriend,Action,EditorChooseLookupItem,cart,Editor,/Users/tigerfriend/C++/cart/main.cpp,,39,65,Changes
2023-03-15T17:21:26.064+09:00,tigerfriend,Action,EditorEnter,cart,Editor,/Users/tigerfriend/C++/cart/main.cpp,,39,71,Changes
2023-03-15T17:21:30.144+09:00,tigerfriend,Action,EditorBackSpace,cart,Editor,/Users/tigerfriend/C++/cart/main.cpp,,40,28,Changes
2023-03-15T17:21:30.273+09:00,tigerfriend,Action,EditorBackSpace,cart,Editor,/Users/tigerfriend/C++/cart/main.cpp,,40,27,Changes
2023-03-15T17:21:31.646+09:00,tigerfriend,Action,EditorChooseLookupItem,cart,Editor,/Users/tigerfriend/C++/cart/main.cpp,,40,29,Changes
2023-03-15T17:21:33.688+09:00,tigerfriend,Action,EditorDown,cart,Editor,/Users/tigerfriend/C++/cart/main.cpp,,40,38,Changes
2023-03-15T17:21:34.075+09:00,tigerfriend,Action,EditorChooseLookupItem,cart,Editor,/Users/tigerfriend/C++/cart/main.cpp,,40,38,Changes
2023-03-15T17:21:34.489+09:00,tigerfriend,Action,EditorRight,cart,Editor,/Users/tigerfriend/C++/cart/main.cpp,,40,42,Changes
2023-03-15T17:21:35.449+09:00,tigerfriend,Action,EditorEnter,cart,Editor,/Users/tigerfriend/C++/cart/main.cpp,,40,44,Changes
2023-03-15T17:21:36.598+09:00,tigerfriend,Action,EditorChooseLookupItem,cart,Editor,/Users/tigerfriend/C++/cart/main.cpp,,41,22,Changes
2023-03-15T17:21:39.561+09:00,tigerfriend,Action,EditorEnter,cart,Editor,/Users/tigerfriend/C++/cart/main.cpp,,41,34,Changes
2023-03-15T17:21:41.319+09:00,tigerfriend,Action,EditorChooseLookupItem,cart,Editor,/Users/tigerfriend/C++/cart/main.cpp,,42,22,Changes
2023-03-15T17:21:44.110+09:00,tigerfriend,Action,EditorChooseLookupItem,cart,Editor,/Users/tigerfriend/C++/cart/main.cpp,,42,33,Changes
2023-03-15T17:21:45.783+09:00,tigerfriend,Action,EditorChooseLookupItem,cart,Editor,/Users/tigerfriend/C++/cart/main.cpp,,42,39,Changes
2023-03-15T17:21:47.073+09:00,tigerfriend,Action,EditorEnter,cart,Editor,/Users/tigerfriend/C++/cart/main.cpp,,42,47,Changes
2023-03-15T17:21:50.445+09:00,tigerfriend,Action,EditorBackSpace,cart,Editor,/Users/tigerfriend/C++/cart/main.cpp,,43,29,Changes
2023-03-15T17:21:51.801+09:00,tigerfriend,Action,EditorRight,cart,Editor,/Users/tigerfriend/C++/cart/main.cpp,,43,31,Changes
2023-03-15T17:21:52.054+09:00,tigerfriend,Action,EditorLeft,cart,Editor,/Users/tigerfriend/C++/cart/main.cpp,,43,32,Changes
2023-03-15T17:21:52.377+09:00,tigerfriend,Action,EditorRight,cart,Editor,/Users/tigerfriend/C++/cart/main.cpp,,43,32,Changes
2023-03-15T17:21:55.500+09:00,tigerfriend,Action,EditorChooseLookupItem,cart,Editor,/Users/tigerfriend/C++/cart/main.cpp,,43,39,Changes
2023-03-15T17:22:02.625+09:00,tigerfriend,Action,EditorBackSpace,cart,Editor,/Users/tigerfriend/C++/cart/main.cpp,,43,54,Changes
2023-03-15T17:22:04.804+09:00,tigerfriend,Action,EditorBackSpace,cart,Editor,/Users/tigerfriend/C++/cart/main.cpp,,43,62,Changes
2023-03-15T17:22:06.918+09:00,tigerfriend,Action,EditorBackSpace,cart,Editor,/Users/tigerfriend/C++/cart/main.cpp,,43,68,Changes
2023-03-15T17:22:07.520+09:00,tigerfriend,Action,EditorRight,cart,Editor,/Users/tigerfriend/C++/cart/main.cpp,,43,68,Changes
2023-03-15T17:22:10.426+09:00,tigerfriend,Action,EditorDown,cart,Editor,/Users/tigerfriend/C++/cart/main.cpp,,43,70,Changes
2023-03-15T17:22:11.460+09:00,tigerfriend,Action,EditorEnter,cart,Editor,/Users/tigerfriend/C++/cart/main.cpp,,44,17,Changes
2023-03-15T17:22:12.081+09:00,tigerfriend,Action,EditorBackSpace,cart,Editor,/Users/tigerfriend/C++/cart/main.cpp,,45,17,Changes
2023-03-15T17:22:17.711+09:00,tigerfriend,Action,EditorEnter,cart,Editor,/Users/tigerfriend/C++/cart/main.cpp,,45,22,Changes
2023-03-15T17:22:18.522+09:00,tigerfriend,Action,EditorBackSpace,cart,Editor,/Users/tigerfriend/C++/cart/main.cpp,,46,16,Changes
2023-03-15T17:22:19.786+09:00,tigerfriend,Action,EditorEnter,cart,Editor,/Users/tigerfriend/C++/cart/main.cpp,,45,22,Changes
2023-03-15T17:22:20.728+09:00,tigerfriend,Action,EditorBackSpace,cart,Editor,/Users/tigerfriend/C++/cart/main.cpp,,46,16,Changes
2023-03-15T17:22:21.256+09:00,tigerfriend,Action,EditorEnter,cart,Editor,/Users/tigerfriend/C++/cart/main.cpp,,45,22,Changes
2023-03-15T17:22:26.076+09:00,tigerfriend,Action,EditorLeft,cart,Editor,/Users/tigerfriend/C++/cart/main.cpp,,46,16,Changes
2023-03-15T17:22:26.456+09:00,tigerfriend,Action,EditorLeft,cart,Editor,/Users/tigerfriend/C++/cart/main.cpp,,46,15,Changes
2023-03-15T17:22:26.621+09:00,tigerfriend,Action,EditorLeft,cart,Editor,/Users/tigerfriend/C++/cart/main.cpp,,46,14,Changes
2023-03-15T17:22:26.790+09:00,tigerfriend,Action,EditorLeft,cart,Editor,/Users/tigerfriend/C++/cart/main.cpp,,46,13,Changes
2023-03-15T17:22:30.894+09:00,tigerfriend,Action,EditorEnter,cart,Editor,/Users/tigerfriend/C++/cart/main.cpp,,46,19,Changes
2023-03-15T17:22:35.246+09:00,tigerfriend,Action,EditorChooseLookupItem,cart,Editor,/Users/tigerfriend/C++/cart/main.cpp,,47,27,Changes
2023-03-15T17:22:35.880+09:00,tigerfriend,Action,EditorRight,cart,Editor,/Users/tigerfriend/C++/cart/main.cpp,,47,32,Changes
2023-03-15T17:22:36.827+09:00,tigerfriend,Action,EditorEnter,cart,Editor,/Users/tigerfriend/C++/cart/main.cpp,,47,34,Changes
2023-03-15T17:22:38.839+09:00,tigerfriend,Action,EditorBackSpace,cart,Editor,/Users/tigerfriend/C++/cart/main.cpp,,48,28,Changes
2023-03-15T17:22:39.179+09:00,tigerfriend,Action,EditorBackSpace,cart,Editor,/Users/tigerfriend/C++/cart/main.cpp,,48,27,Changes
2023-03-15T17:22:41.872+09:00,tigerfriend,Action,EditorBackSpace,cart,Editor,/Users/tigerfriend/C++/cart/main.cpp,,48,34,Changes
2023-03-15T17:22:46.188+09:00,tigerfriend,Action,EditorRight,cart,Editor,/Users/tigerfriend/C++/cart/main.cpp,,48,40,Changes
2023-03-15T17:22:49.091+09:00,tigerfriend,Action,EditorEnter,cart,Editor,/Users/tigerfriend/C++/cart/main.cpp,,48,48,Changes
2023-03-15T17:22:51.131+09:00,tigerfriend,Action,EditorDown,cart,Editor,/Users/tigerfriend/C++/cart/main.cpp,,49,26,Changes
2023-03-15T17:22:52.063+09:00,tigerfriend,Action,EditorEnter,cart,Editor,/Users/tigerfriend/C++/cart/main.cpp,,50,17,Changes
2023-03-15T17:22:54.202+09:00,tigerfriend,Action,EditorEnter,cart,Editor,/Users/tigerfriend/C++/cart/main.cpp,,51,21,Changes
2023-03-15T17:23:00.053+09:00,tigerfriend,Action,EditorEnter,cart,Editor,/Users/tigerfriend/C++/cart/main.cpp,,52,28,Changes
2023-03-15T17:23:03.670+09:00,tigerfriend,Action,EditorEnter,cart,Editor,/Users/tigerfriend/C++/cart/main.cpp,,53,29,Changes
2023-03-15T17:23:05.120+09:00,tigerfriend,Action,EditorChooseLookupItem,cart,Editor,/Users/tigerfriend/C++/cart/main.cpp,,54,22,Changes
2023-03-15T17:23:07.856+09:00,tigerfriend,Action,EditorEnter,cart,Editor,/Users/tigerfriend/C++/cart/main.cpp,,54,34,Changes
2023-03-15T17:23:09.631+09:00,tigerfriend,Action,EditorChooseLookupItem,cart,Editor,/Users/tigerfriend/C++/cart/main.cpp,,55,23,Changes
2023-03-15T17:23:16.777+09:00,tigerfriend,Action,EditorRight,cart,Editor,/Users/tigerfriend/C++/cart/main.cpp,,55,40,Changes
2023-03-15T17:23:19.875+09:00,tigerfriend,Action,EditorBackSpace,cart,Editor,/Users/tigerfriend/C++/cart/main.cpp,,55,44,Changes
2023-03-15T17:23:21.499+09:00,tigerfriend,Action,EditorChooseLookupItem,cart,Editor,/Users/tigerfriend/C++/cart/main.cpp,,55,45,Changes
2023-03-15T17:23:26.791+09:00,tigerfriend,Action,EditorRight,cart,Editor,/Users/tigerfriend/C++/cart/main.cpp,,55,57,Changes
2023-03-15T17:23:29.855+09:00,tigerfriend,Action,EditorBackSpace,cart,Editor,/Users/tigerfriend/C++/cart/main.cpp,,55,61,Changes
2023-03-15T17:23:30.840+09:00,tigerfriend,Action,EditorChooseLookupItem,cart,Editor,/Users/tigerfriend/C++/cart/main.cpp,,55,61,Changes
2023-03-15T17:23:34.619+09:00,tigerfriend,Action,EditorEnter,cart,Editor,/Users/tigerfriend/C++/cart/main.cpp,,55,69,Changes
2023-03-15T17:23:49.430+09:00,tigerfriend,Action,EditorRight,cart,Editor,/Users/tigerfriend/C++/cart/main.cpp,,56,43,Changes
2023-03-15T17:24:01.504+09:00,tigerfriend,Action,EditorEnter,cart,Editor,/Users/tigerfriend/C++/cart/main.cpp,,56,45,Changes
2023-03-15T17:24:07.468+09:00,tigerfriend,Action,EditorBackSpace,cart,Editor,/Users/tigerfriend/C++/cart/main.cpp,,57,37,Changes
2023-03-15T17:24:08.794+09:00,tigerfriend,Action,EditorChooseLookupItem,cart,Editor,/Users/tigerfriend/C++/cart/main.cpp,,57,38,Changes
2023-03-15T17:24:12.202+09:00,tigerfriend,Action,EditorLeft,cart,Editor,/Users/tigerfriend/C++/cart/main.cpp,,57,47,Changes
2023-03-15T17:24:12.709+09:00,tigerfriend,Action,EditorBackSpace,cart,Editor,/Users/tigerfriend/C++/cart/main.cpp,,57,46,Changes
2023-03-15T17:24:12.794+09:00,tigerfriend,Action,EditorBackSpace,cart,Editor,/Users/tigerfriend/C++/cart/main.cpp,,57,45,Changes
2023-03-15T17:24:13.598+09:00,tigerfriend,Action,EditorBackSpace,cart,Editor,/Users/tigerfriend/C++/cart/main.cpp,,57,46,Changes
2023-03-15T17:24:13.691+09:00,tigerfriend,Action,EditorBackSpace,cart,Editor,/Users/tigerfriend/C++/cart/main.cpp,,57,45,Changes
2023-03-15T17:24:14.249+09:00,tigerfriend,Action,EditorRight,cart,Editor,/Users/tigerfriend/C++/cart/main.cpp,,57,46,Changes
2023-03-15T17:24:14.377+09:00,tigerfriend,Action,EditorRight,cart,Editor,/Users/tigerfriend/C++/cart/main.cpp,,57,47,Changes
2023-03-15T17:24:16.024+09:00,tigerfriend,Action,EditorEnter,cart,Editor,/Users/tigerfriend/C++/cart/main.cpp,,57,49,Changes
2023-03-15T17:24:17.995+09:00,tigerfriend,Action,EditorChooseLookupItem,cart,Editor,/Users/tigerfriend/C++/cart/main.cpp,,58,23,Changes
2023-03-15T17:24:22.865+09:00,tigerfriend,Action,EditorEnter,cart,Editor,/Users/tigerfriend/C++/cart/main.cpp,,58,37,Changes
2023-03-15T17:24:27.008+09:00,tigerfriend,Action,EditorBackSpace,cart,Editor,/Users/tigerfriend/C++/cart/main.cpp,,59,34,Changes
2023-03-15T17:24:27.115+09:00,tigerfriend,Action,EditorBackSpace,cart,Editor,/Users/tigerfriend/C++/cart/main.cpp,,59,33,Changes
2023-03-15T17:24:27.825+09:00,tigerfriend,Action,EditorBackSpace,cart,Editor,/Users/tigerfriend/C++/cart/main.cpp,,59,33,Changes
2023-03-15T17:24:32.305+09:00,tigerfriend,Action,EditorRight,cart,Editor,/Users/tigerfriend/C++/cart/main.cpp,,59,46,Changes
2023-03-15T17:24:34.141+09:00,tigerfriend,Action,EditorBackSpace,cart,Editor,/Users/tigerfriend/C++/cart/main.cpp,,59,50,Changes
2023-03-15T17:24:35.997+09:00,tigerfriend,Action,EditorDown,cart,Editor,/Users/tigerfriend/C++/cart/main.cpp,,59,54,Changes
2023-03-15T17:24:36.852+09:00,tigerfriend,Action,EditorEnter,cart,Editor,/Users/tigerfriend/C++/cart/main.cpp,,60,17,Changes
2023-03-15T17:24:42.278+09:00,tigerfriend,Action,EditorEnter,cart,Editor,/Users/tigerfriend/C++/cart/main.cpp,,61,22,Changes
2023-03-15T17:24:42.628+09:00,tigerfriend,Action,EditorBackSpace,cart,Editor,/Users/tigerfriend/C++/cart/main.cpp,,62,16,Changes
2023-03-15T17:24:43.532+09:00,tigerfriend,Action,EditorEnter,cart,Editor,/Users/tigerfriend/C++/cart/main.cpp,,61,22,Changes
2023-03-15T17:24:43.730+09:00,tigerfriend,Action,EditorEnter,cart,Editor,/Users/tigerfriend/C++/cart/main.cpp,,62,16,Changes
2023-03-15T17:24:44.180+09:00,tigerfriend,Action,EditorBackSpace,cart,Editor,/Users/tigerfriend/C++/cart/main.cpp,,63,16,Changes
2023-03-15T17:24:45.287+09:00,tigerfriend,Action,EditorLeftWithSelection,cart,Editor,/Users/tigerfriend/C++/cart/main.cpp,,62,16,Changes
2023-03-15T17:24:45.573+09:00,tigerfriend,Action,EditorLeftWithSelection,cart,Editor,/Users/tigerfriend/C++/cart/main.cpp,,62,15,Changes
2023-03-15T17:24:45.730+09:00,tigerfriend,Action,EditorLeftWithSelection,cart,Editor,/Users/tigerfriend/C++/cart/main.cpp,,62,14,Changes
2023-03-15T17:24:45.861+09:00,tigerfriend,Action,EditorLeftWithSelection,cart,Editor,/Users/tigerfriend/C++/cart/main.cpp,,62,13,Changes
2023-03-15T17:24:46.086+09:00,tigerfriend,Action,EditorLeftWithSelection,cart,Editor,/Users/tigerfriend/C++/cart/main.cpp,,62,12,Changes
2023-03-15T17:24:46.388+09:00,tigerfriend,Action,EditorRightWithSelection,cart,Editor,/Users/tigerfriend/C++/cart/main.cpp,,62,11,Changes
2023-03-15T17:24:46.745+09:00,tigerfriend,Action,EditorBackSpace,cart,Editor,/Users/tigerfriend/C++/cart/main.cpp,,62,12,Changes
2023-03-15T17:24:53.778+09:00,tigerfriend,Action,EditorEnter,cart,Editor,/Users/tigerfriend/C++/cart/main.cpp,,62,19,Changes
2023-03-15T17:25:00.515+09:00,tigerfriend,Action,EditorChooseLookupItem,cart,Editor,/Users/tigerfriend/C++/cart/main.cpp,,63,27,Changes
2023-03-15T17:25:01.363+09:00,tigerfriend,Action,EditorRight,cart,Editor,/Users/tigerfriend/C++/cart/main.cpp,,63,32,Changes
2023-03-15T17:25:02.474+09:00,tigerfriend,Action,EditorEnter,cart,Editor,/Users/tigerfriend/C++/cart/main.cpp,,63,34,Changes
2023-03-15T17:25:08.071+09:00,tigerfriend,Action,EditorRight,cart,Editor,/Users/tigerfriend/C++/cart/main.cpp,,64,40,Changes
2023-03-15T17:25:10.071+09:00,tigerfriend,Action,EditorEnter,cart,Editor,/Users/tigerfriend/C++/cart/main.cpp,,64,48,Changes
2023-03-15T17:25:11.235+09:00,tigerfriend,Action,EditorBackSpace,cart,Editor,/Users/tigerfriend/C++/cart/main.cpp,,65,25,Changes
2023-03-15T17:25:11.347+09:00,tigerfriend,Action,EditorBackSpace,cart,Editor,/Users/tigerfriend/C++/cart/main.cpp,,65,24,Changes
2023-03-15T17:25:11.459+09:00,tigerfriend,Action,EditorBackSpace,cart,Editor,/Users/tigerfriend/C++/cart/main.cpp,,65,23,Changes
2023-03-15T17:25:11.563+09:00,tigerfriend,Action,EditorBackSpace,cart,Editor,/Users/tigerfriend/C++/cart/main.cpp,,65,22,Changes
2023-03-15T17:25:12.424+09:00,tigerfriend,Action,EditorBackSpace,cart,Editor,/Users/tigerfriend/C++/cart/main.cpp,,65,24,Changes
2023-03-15T17:25:12.538+09:00,tigerfriend,Action,EditorBackSpace,cart,Editor,/Users/tigerfriend/C++/cart/main.cpp,,65,23,Changes
2023-03-15T17:25:12.650+09:00,tigerfriend,Action,EditorBackSpace,cart,Editor,/Users/tigerfriend/C++/cart/main.cpp,,65,22,Changes
2023-03-15T17:25:14.530+09:00,tigerfriend,Action,EditorDown,cart,Editor,/Users/tigerfriend/C++/cart/main.cpp,,65,26,Changes
2023-03-15T17:25:15.433+09:00,tigerfriend,Action,EditorEnter,cart,Editor,/Users/tigerfriend/C++/cart/main.cpp,,66,17,Changes
2023-03-15T17:25:17.867+09:00,tigerfriend,Action,EditorBackSpace,cart,Editor,/Users/tigerfriend/C++/cart/main.cpp,,67,21,Changes
2023-03-15T17:25:18.543+09:00,tigerfriend,Action,EditorEnter,cart,Editor,/Users/tigerfriend/C++/cart/main.cpp,,67,21,Changes
2023-03-15T17:25:21.307+09:00,tigerfriend,Action,EditorBackSpace,cart,Editor,/Users/tigerfriend/C++/cart/main.cpp,,68,27,Changes
2023-03-15T17:25:22.509+09:00,tigerfriend,Action,EditorEnter,cart,Editor,/Users/tigerfriend/C++/cart/main.cpp,,68,28,Changes
2023-03-15T17:25:27.718+09:00,tigerfriend,Action,EditorEnter,cart,Editor,/Users/tigerfriend/C++/cart/main.cpp,,69,29,Changes
2023-03-15T17:25:31.548+09:00,tigerfriend,Action,EditorChooseLookupItem,cart,Editor,/Users/tigerfriend/C++/cart/main.cpp,,70,30,Changes
2023-03-15T17:25:34.904+09:00,tigerfriend,Action,EditorRight,cart,Editor,/Users/tigerfriend/C++/cart/main.cpp,,70,38,Changes
2023-03-15T17:25:35.786+09:00,tigerfriend,Action,EditorEnter,cart,Editor,/Users/tigerfriend/C++/cart/main.cpp,,70,40,Changes
2023-03-15T17:25:44.987+09:00,tigerfriend,Action,EditorBackSpace,cart,Editor,/Users/tigerfriend/C++/cart/main.cpp,,71,38,Changes
2023-03-15T17:25:45.998+09:00,tigerfriend,Action,EditorRight,cart,Editor,/Users/tigerfriend/C++/cart/main.cpp,,71,38,Changes
2023-03-15T17:25:49.981+09:00,tigerfriend,Action,EditorRight,cart,Editor,/Users/tigerfriend/C++/cart/main.cpp,,71,49,Changes
2023-03-15T17:25:59.814+09:00,tigerfriend,Action,EditorBackSpace,cart,Editor,/Users/tigerfriend/C++/cart/main.cpp,,71,70,Changes
2023-03-15T17:26:02.271+09:00,tigerfriend,Action,EditorRight,cart,Editor,/Users/tigerfriend/C++/cart/main.cpp,,71,72,Changes
2023-03-15T17:26:06.584+09:00,tigerfriend,Action,EditorRight,cart,Editor,/Users/tigerfriend/C++/cart/main.cpp,,71,83,Changes
2023-03-15T17:26:08.234+09:00,tigerfriend,Action,EditorBackSpace,cart,Editor,/Users/tigerfriend/C++/cart/main.cpp,,71,87,Changes
2023-03-15T17:26:09.377+09:00,tigerfriend,Action,EditorChooseLookupItem,cart,Editor,/Users/tigerfriend/C++/cart/main.cpp,,71,87,Changes
2023-03-15T17:26:26.003+09:00,tigerfriend,Action,EditorRight,cart,Editor,/Users/tigerfriend/C++/cart/main.cpp,,71,105,Changes
2023-03-15T17:26:28.209+09:00,tigerfriend,Action,EditorChooseLookupItem,cart,Editor,/Users/tigerfriend/C++/cart/main.cpp,,71,111,Changes
2023-03-15T17:26:30.465+09:00,tigerfriend,Action,EditorRight,cart,Editor,/Users/tigerfriend/C++/cart/main.cpp,,71,116,Changes
2023-03-15T17:26:32.735+09:00,tigerfriend,Action,EditorChooseLookupItem,cart,Editor,/Users/tigerfriend/C++/cart/main.cpp,,71,120,Changes
2023-03-15T17:26:35.408+09:00,tigerfriend,Action,EditorBackSpace,cart,Editor,/Users/tigerfriend/C++/cart/main.cpp,,71,125,Changes
2023-03-15T17:26:43.014+09:00,tigerfriend,Action,EditorRight,cart,Editor,/Users/tigerfriend/C++/cart/main.cpp,,71,131,Changes
2023-03-15T17:26:43.375+09:00,tigerfriend,Action,EditorBackSpace,cart,Editor,/Users/tigerfriend/C++/cart/main.cpp,,71,132,Changes
2023-03-15T17:26:43.534+09:00,tigerfriend,Action,EditorBackSpace,cart,Editor,/Users/tigerfriend/C++/cart/main.cpp,,71,131,Changes
2023-03-15T17:26:45.233+09:00,tigerfriend,Action,EditorEnter,cart,Editor,/Users/tigerfriend/C++/cart/main.cpp,,71,130,Changes
2023-03-15T17:26:58.941+09:00,tigerfriend,Action,EditorRight,cart,Editor,/Users/tigerfriend/C++/cart/main.cpp,,71,130,Changes
2023-03-15T17:27:01.747+09:00,tigerfriend,Action,EditorDown,cart,Editor,/Users/tigerfriend/C++/cart/main.cpp,,71,131,Changes
2023-03-15T17:27:03.416+09:00,tigerfriend,Action,EditorDown,cart,Editor,/Users/tigerfriend/C++/cart/main.cpp,,72,24,Changes
2023-03-15T17:27:03.936+09:00,tigerfriend,Action,EditorEnter,cart,Editor,/Users/tigerfriend/C++/cart/main.cpp,,73,21,Changes
2023-03-15T17:27:05.908+09:00,tigerfriend,Action,EditorEnter,cart,Editor,/Users/tigerfriend/C++/cart/main.cpp,,74,25,Changes
2023-03-15T17:27:14.289+09:00,tigerfriend,Action,EditorBackSpace,cart,Editor,/Users/tigerfriend/C++/cart/main.cpp,,75,35,Changes
2023-03-15T17:27:16.637+09:00,tigerfriend,Action,EditorBackSpace,cart,Editor,/Users/tigerfriend/C++/cart/main.cpp,,75,41,Changes
2023-03-15T17:27:17.557+09:00,tigerfriend,Action,EditorRight,cart,Editor,/Users/tigerfriend/C++/cart/main.cpp,,75,42,Changes
2023-03-15T17:27:20.450+09:00,tigerfriend,Action,EditorDown,cart,Editor,/Users/tigerfriend/C++/cart/main.cpp,,75,50,Changes
2023-03-15T17:27:21.555+09:00,tigerfriend,Action,EditorDown,cart,Editor,/Users/tigerfriend/C++/cart/main.cpp,,76,21,Changes
2023-03-15T17:27:23.342+09:00,tigerfriend,Action,EditorEnter,cart,Editor,/Users/tigerfriend/C++/cart/main.cpp,,77,17,Changes
2023-03-15T17:27:26.529+09:00,tigerfriend,Action,EditorEnter,cart,Editor,/Users/tigerfriend/C++/cart/main.cpp,,78,22,Changes
2023-03-15T17:27:27.495+09:00,tigerfriend,Action,EditorLeft,cart,Editor,/Users/tigerfriend/C++/cart/main.cpp,,79,16,Changes
2023-03-15T17:27:27.811+09:00,tigerfriend,Action,EditorRight,cart,Editor,/Users/tigerfriend/C++/cart/main.cpp,,79,15,Changes
2023-03-15T17:27:28.836+09:00,tigerfriend,Action,EditorUnindentSelection,cart,Editor,/Users/tigerfriend/C++/cart/main.cpp,,79,16,Changes
2023-03-15T17:27:34.207+09:00,tigerfriend,Action,EditorEnter,cart,Editor,/Users/tigerfriend/C++/cart/main.cpp,,79,19,Changes
2023-03-15T17:27:37.534+09:00,tigerfriend,Action,EditorChooseLookupItem,cart,Editor,/Users/tigerfriend/C++/cart/main.cpp,,80,27,Changes
2023-03-15T17:27:38.048+09:00,tigerfriend,Action,EditorRight,cart,Editor,/Users/tigerfriend/C++/cart/main.cpp,,80,32,Changes
2023-03-15T17:27:38.872+09:00,tigerfriend,Action,EditorEnter,cart,Editor,/Users/tigerfriend/C++/cart/main.cpp,,80,34,Changes
2023-03-15T17:27:40.582+09:00,tigerfriend,Action,EditorBackSpace,cart,Editor,/Users/tigerfriend/C++/cart/main.cpp,,81,26,Changes
2023-03-15T17:27:40.657+09:00,tigerfriend,Action,EditorBackSpace,cart,Editor,/Users/tigerfriend/C++/cart/main.cpp,,81,25,Changes
2023-03-15T17:27:42.186+09:00,tigerfriend,Action,EditorBackSpace,cart,Editor,/Users/tigerfriend/C++/cart/main.cpp,,81,27,Changes
2023-03-15T17:27:44.616+09:00,tigerfriend,Action,EditorBackSpace,cart,Editor,/Users/tigerfriend/C++/cart/main.cpp,,81,34,Changes
2023-03-15T17:27:46.214+09:00,tigerfriend,Action,EditorBackSpace,cart,Editor,/Users/tigerfriend/C++/cart/main.cpp,,81,41,Changes
2023-03-15T17:27:46.356+09:00,tigerfriend,Action,EditorBackSpace,cart,Editor,/Users/tigerfriend/C++/cart/main.cpp,,81,40,Changes
2023-03-15T17:27:46.819+09:00,tigerfriend,Action,EditorBackSpace,cart,Editor,/Users/tigerfriend/C++/cart/main.cpp,,81,40,Changes
2023-03-15T17:27:46.937+09:00,tigerfriend,Action,EditorBackSpace,cart,Editor,/Users/tigerfriend/C++/cart/main.cpp,,81,39,Changes
2023-03-15T17:27:47.650+09:00,tigerfriend,Action,EditorRight,cart,Editor,/Users/tigerfriend/C++/cart/main.cpp,,81,40,Changes
2023-03-15T17:27:49.412+09:00,tigerfriend,Action,EditorEnter,cart,Editor,/Users/tigerfriend/C++/cart/main.cpp,,81,48,Changes
2023-03-15T17:27:52.324+09:00,tigerfriend,Action,EditorDown,cart,Editor,/Users/tigerfriend/C++/cart/main.cpp,,82,26,Changes
2023-03-15T17:27:52.773+09:00,tigerfriend,Action,EditorEnter,cart,Editor,/Users/tigerfriend/C++/cart/main.cpp,,83,17,Changes
2023-03-15T17:27:55.887+09:00,tigerfriend,Action,EditorEnter,cart,Editor,/Users/tigerfriend/C++/cart/main.cpp,,84,21,Changes
2023-03-15T17:27:59.307+09:00,tigerfriend,Action,EditorBackSpace,cart,Editor,/Users/tigerfriend/C++/cart/main.cpp,,85,30,Changes
2023-03-15T17:27:59.824+09:00,tigerfriend,Action,EditorBackSpace,cart,Editor,/Users/tigerfriend/C++/cart/main.cpp,,85,30,Changes
2023-03-15T17:28:04.453+09:00,tigerfriend,Action,EditorRight,cart,Editor,/Users/tigerfriend/C++/cart/main.cpp,,85,39,Changes
2023-03-15T17:28:08.599+09:00,tigerfriend,Action,EditorChooseLookupItem,cart,Editor,/Users/tigerfriend/C++/cart/main.cpp,,85,45,Changes
2023-03-15T17:28:11.337+09:00,tigerfriend,Action,EditorDown,cart,Editor,/Users/tigerfriend/C++/cart/main.cpp,,85,59,Changes
2023-03-15T17:28:11.827+09:00,tigerfriend,Action,EditorEnter,cart,Editor,/Users/tigerfriend/C++/cart/main.cpp,,86,17,Changes
2023-03-15T17:28:13.837+09:00,tigerfriend,Action,EditorDown,cart,Editor,/Users/tigerfriend/C++/cart/main.cpp,,87,22,Changes
2023-03-15T17:28:15.801+09:00,tigerfriend,Action,EditorEnter,cart,Editor,/Users/tigerfriend/C++/cart/main.cpp,,87,22,Changes
2023-03-15T17:28:16.579+09:00,tigerfriend,Action,EditorUnindentSelection,cart,Editor,/Users/tigerfriend/C++/cart/main.cpp,,88,16,Changes
2023-03-15T17:28:21.104+09:00,tigerfriend,Action,EditorEnter,cart,Editor,/Users/tigerfriend/C++/cart/main.cpp,,88,19,Changes
2023-03-15T17:28:26.250+09:00,tigerfriend,Action,EditorRight,cart,Editor,/Users/tigerfriend/C++/cart/main.cpp,,89,31,Changes
2023-03-15T17:28:28.629+09:00,tigerfriend,Action,EditorEnter,cart,Editor,/Users/tigerfriend/C++/cart/main.cpp,,89,39,Changes
2023-03-15T17:28:33.749+09:00,tigerfriend,Action,EditorEnter,cart,Editor,/Users/tigerfriend/C++/cart/main.cpp,,90,25,Changes
2023-03-15T17:28:34.790+09:00,tigerfriend,Action,EditorTab,cart,Editor,/Users/tigerfriend/C++/cart/main.cpp,,91,16,Changes
2023-03-15T17:28:35.265+09:00,tigerfriend,Action,EditorBackSpace,cart,Editor,/Users/tigerfriend/C++/cart/main.cpp,,91,20,Changes
2023-03-15T17:28:35.729+09:00,tigerfriend,Action,EditorUnindentSelection,cart,Editor,/Users/tigerfriend/C++/cart/main.cpp,,91,16,Changes
2023-03-15T17:28:37.516+09:00,tigerfriend,Action,EditorBackSpace,cart,Editor,/Users/tigerfriend/C++/cart/main.cpp,,91,13,Changes
2023-03-15T17:28:43.124+09:00,tigerfriend,Action,EditorEnter,cart,Editor,/Users/tigerfriend/C++/cart/main.cpp,,91,20,Changes
2023-03-15T17:28:46.312+09:00,tigerfriend,Action,EditorBackSpace,cart,Editor,/Users/tigerfriend/C++/cart/main.cpp,,92,26,Changes
2023-03-15T17:28:46.435+09:00,tigerfriend,Action,EditorBackSpace,cart,Editor,/Users/tigerfriend/C++/cart/main.cpp,,92,25,Changes
2023-03-15T17:28:50.141+09:00,tigerfriend,Action,EditorBackSpace,cart,Editor,/Users/tigerfriend/C++/cart/main.cpp,,92,35,Changes
2023-03-15T17:28:50.260+09:00,tigerfriend,Action,EditorBackSpace,cart,Editor,/Users/tigerfriend/C++/cart/main.cpp,,92,34,Changes
2023-03-15T17:28:50.379+09:00,tigerfriend,Action,EditorBackSpace,cart,Editor,/Users/tigerfriend/C++/cart/main.cpp,,92,33,Changes
2023-03-15T17:28:50.492+09:00,tigerfriend,Action,EditorBackSpace,cart,Editor,/Users/tigerfriend/C++/cart/main.cpp,,92,32,Changes
2023-03-15T17:28:50.626+09:00,tigerfriend,Action,EditorBackSpace,cart,Editor,/Users/tigerfriend/C++/cart/main.cpp,,92,31,Changes
2023-03-15T17:28:50.969+09:00,tigerfriend,Action,EditorBackSpace,cart,Editor,/Users/tigerfriend/C++/cart/main.cpp,,92,30,Changes
2023-03-15T17:28:56.038+09:00,tigerfriend,Action,EditorRight,cart,Editor,/Users/tigerfriend/C++/cart/main.cpp,,92,34,Changes
2023-03-15T17:29:02.738+09:00,tigerfriend,Action,EditorEnter,cart,Editor,/Users/tigerfriend/C++/cart/main.cpp,,92,42,Changes
2023-03-15T17:29:10.429+09:00,tigerfriend,Action,EditorBackSpace,cart,Editor,/Users/tigerfriend/C++/cart/main.cpp,,96,13,Changes
2023-03-15T17:29:10.555+09:00,tigerfriend,Action,EditorBackSpace,cart,Editor,/Users/tigerfriend/C++/cart/main.cpp,,96,12,Changes
2023-03-15T17:29:10.687+09:00,tigerfriend,Action,EditorBackSpace,cart,Editor,/Users/tigerfriend/C++/cart/main.cpp,,96,11,Changes
2023-03-15T17:29:10.774+09:00,tigerfriend,Action,EditorBackSpace,cart,Editor,/Users/tigerfriend/C++/cart/main.cpp,,96,10,Changes
2023-03-15T17:29:10.895+09:00,tigerfriend,Action,EditorBackSpace,cart,Editor,/Users/tigerfriend/C++/cart/main.cpp,,96,9,Changes
2023-03-15T17:29:11.012+09:00,tigerfriend,Action,EditorBackSpace,cart,Editor,/Users/tigerfriend/C++/cart/main.cpp,,96,8,Changes
2023-03-15T17:29:11.127+09:00,tigerfriend,Action,EditorBackSpace,cart,Editor,/Users/tigerfriend/C++/cart/main.cpp,,96,7,Changes
2023-03-15T17:29:11.258+09:00,tigerfriend,Action,EditorBackSpace,cart,Editor,/Users/tigerfriend/C++/cart/main.cpp,,96,6,Changes
2023-03-15T17:29:11.408+09:00,tigerfriend,Action,EditorBackSpace,cart,Editor,/Users/tigerfriend/C++/cart/main.cpp,,96,5,Changes
2023-03-15T17:29:11.758+09:00,tigerfriend,Action,EditorBackSpace,cart,Editor,/Users/tigerfriend/C++/cart/main.cpp,,96,4,Changes
2023-03-15T17:29:16.993+09:00,tigerfriend,Action,$SelectAll,cart,Editor,/Users/tigerfriend/C++/cart/main.cpp,,19,37,Changes
2023-03-15T17:29:19.275+09:00,tigerfriend,Action,SaveAll,cart,Editor,/Users/tigerfriend/C++/cart/main.cpp,,13,21,Changes
2023-03-15T17:29:20.064+09:00,tigerfriend,Action,Run,cart,Editor,/Users/tigerfriend/C++/cart/main.cpp,,13,21,Changes
2023-03-15T17:29:21.193+09:00,tigerfriend,Execution,Run:'CMake Application: cart':/Users/tigerfriend/C++/cart/cmake-build-debug/cart,cart,Editor,/Users/tigerfriend/C++/cart/main.cpp,,13,21,Changes
